url,title,subtitle,category,tags,date,body
https://j-net21.smrj.go.jp/support/publicsupport/2020010701.html,特許料等の減免制度、中小企業等外国出願支援事業,,知的財産,支援情報,2022-01-01,"知的財産特許料等の減免制度、中小企業等外国出願支援事業支援情報2022年1月内容改訂経営資源の限られている中小企業では、製品・サービスの付加価値を高めて他社がまねできない事業を行うことが生き残り戦略の1つです。この生き残り戦略をうまく機能させるためには、特許等の知的財産権を取得して「他社がまねできない状態」を長く維持することが重要です。経済のグローバル化が進み、中小企業といえども世界を相手にビジネスをしていかなければならない昨今では、国内のみならず外国での知的財産権の確保も考える必要があります。しかし、知的財産権を取得するには費用がかかります。この費用に対する支援についてご紹介します。特許を取得するための費用（国内）費用に対する支援をご説明する前に、特許を例に知的財産権を取得するための費用が「いつ」、「どれくらい」かかるのかを確認しておきます。日本で特許を取得するための費用には、特許庁に対して支払う費用と、弁理士等の手続代理人に支払う費用があります。費用に対する支援は主に、特許庁に対して支払う費用が対象となります。特許を取得するためには、特許庁に対して最低3回書類を提出しなければならず、それぞれについて特許庁に対する費用がかかります。（1）特許出願、（2）出願審査請求、（3）特許料納付という手続きです。（1）特許出願特許を取得するためには、特許を取りたい発明の内容を書類にまとめて特許庁に申請します。これを特許出願といいます。この特許出願の際に「出願料」という費用がかかります。出願料は1件当たり14,000円です。（2）出願審査請求提出した書類は特許庁で審査され、合格したものだけが特許を取得できます。開発方針の変更により特許を取る必要がなくなるなど、出願後に審査を受ける必要のなくなる特許出願が全体の半数ほどあります。そこで、審査を希望する場合には出願審査請求という手続きを行うこととしています。この出願審査請求の際に「審査請求料」という費用がかかります。審査請求料は1件当たり138,000円＋（請求項の数×4,000円）です。※1件の特許出願には、一定の範囲にある複数の発明を「請求項」として記載することができます。たとえば、「よく消える消しゴム」を発明した場合に、請求項の1つに「よく消える消しゴム」を記載し、別の請求項に「よく消える消しゴムを付けた鉛筆」を記載して、2つの発明について特許を取得するようなことが考えられます。このように、1件の特許出願には複数の請求項が存在するのが一般的です。（3）特許料納付審査に合格し「特許料」を支払うと、晴れて特許の取得となります。特許料は年単位でかかるため、「年金」とも呼ばれ、その額は何年目の特許料かにより以下のようになります。■特許料第1年～第3年まで毎年2,100円＋（請求項の数×200円）第4年～第6年まで毎年6,400円＋（請求項の数×500円）第7年～第9年まで毎年6,400円＋（請求項の数×500円）第10年～第25年まで毎年55,400円＋（請求項の数×4,300円）減免措置の対象となる者と措置の内容特許庁に対して支払う3種類の費用のうち、すべてが減免の対象になるわけではありません。減免の対象となるのは、審査請求料と特許料（第1年分～第10年分）です。出願料と第11年分以降の特許料は、減免の対象とはなりません。軽減される額は減免対象者により異なり、2分の1から4分の1です。下表のように、中小企業でも企業の状況により軽減率が異なります。なお、下表では減免制度の一部のみを掲載しています。より詳細な減免制度の内容については、特許庁のウェブサイトをご参照ください。2019年4月1日以降に審査請求をした案件の減免制度（新減免制度）について（特許庁）中小ベンチャー企業（法人）は、設立後10年未満で資本金額又は出資総額が3億円以下の法人であり、大企業（資本金額又は出資総額が3億円以下の法人以外の法人）に支配されていないことが要件となります。このような若い企業は軽減率を大きくしています。このほか、同じ2分の1の軽減率でも、減免対象者としていくつかの中小企業のタイプがあります。中小企業（会社）は一般的な中小企業の要件を満たし、大企業に支配されていないものです。仮に大企業に支配されている場合でも、一定の研究開発要件を満たせば、研究開発型中小企業として減免対象となります。また、法人税非課税であれば、業種によらず資本金額又は出資総額が3億円以下の法人が減免対象です。外国で知的財産権を取得するための費用は高額外国で知的財産権を取得するための費用は一概にいくらとはいえませんが、国内と比較して相当に高額となることは間違いありません。高額になる主な理由は、次の3つと考えられます。（1）外国での知的財産権取得には国別の手続きが必要知的財産権は国ごとに取得するものです。個々の国でかかる費用は日本とそれほど差がなくても、複数の国で手続きを行うと、それだけ費用が増えてしまいます。（2）自分で直接手続きをすることが難しい日本であれば自分で手続きを行うことも可能であり、この場合は特許庁の費用のみがかかります。しかし、外国となるとそれぞれの国で制度が異なるため、それを調べて自分で手続きを行うことは格段に難しくなります。また、国によっては必ず現地の手続代理人（弁理士等）を介して手続きを行わなければならないこともあります。そのため、外国出願をする場合は、以下の流れで手続きを行うことが一般的となり、手続代理人の費用も増えてきます。（3）翻訳が必要になる場合が多い知的財産権を取得させるかどうかの審査は、原則として各国の特許庁が独自に行います。したがって、それぞれの国が指定する言語で手続きをしなければなりません。多くの場合、英語、中国語、韓国語の3つの言語への翻訳が必要になるでしょう。翻訳にかかる費用は書類の文字数しだいですが、数百万円かかるケースも珍しくありません。このような理由から、外国出願をする場合、特許では百万円単位、意匠や商標でも数十万円の費用がかかります。中小企業では、多額の費用をかけて知的財産権を取得するのが難しいところも多いでしょう。そこで、中小企業向けの外国出願に対する費用支援として、「中小企業等外国出願支援事業」をご紹介します。中小企業等外国出願支援事業の支援の流れ中小企業等外国出願支援事業による支援は、補助金（中小企業等海外出願・侵害対策支援事業費補助金）の形で行われます。令和3年度の受付はすでに終了していますが、毎年度ほぼ同じ形で実施されています。例年6月頃に受付が始まり、1ヵ月程度で締切となりますので、利用する場合はあらかじめ以下のホームページをご参照ください。特許庁（独）日本貿易振興機構中小企業等外国出願支援事業による支援の流れを、下図で確認しておきます。まず前提として、日本の特許庁に出願をしていることが原則となります。補助金を申請する時点で日本への出願を終えていなければなりません。その後、補助金の申請書類を提出し、審査を受けます。審査に合格すれば、外国出願の費用支援を受けることができます。応募受付期間が1ヵ月程度と短いことが多いため、ご注意ください。補助金による補助を受けられることが決定した後に外国出願を行います。補助決定のタイミングと外国出願の期限をしっかりと管理することが重要になります。出願に要した費用等を支払った後、実績報告（出願完了報告）をすると補助金額が確定し、補助金が交付されるという流れになります。支援を受けられる対象者中小企業等外国出願支援事業は、外国への特許、実用新案、意匠または商標出願を予定している次の企業等が受けることができます。中小企業者中小企業者で構成されるグループ（構成員のうち中小企業者が2/3以上を占める者）商工会議所、商工会、NPO法人等（地域団体商標の外国出願）支援を受けられる補助金の額と経費の種類中小企業等外国出願支援事業で受けられる補助金は、次のとおりです。また、補助の対象となる経費は次のとおりです。冒頭に、外国出願が高額となる理由として挙げた費用がカバーされていることがわかります。審査の方法最後に、「中小企業等外国出願支援事業」の選考方法を確認しておきます。この補助金を受けるには審査がありますが、主に次の3点が審査されることになります。先行技術調査等の結果から見て、外国での権利取得の可能性が明らかに否定されないと判断される出願であること助成を希望する出願に関し、外国で権利が成立した場合等に、「当該権利を活用した事業展開を計画している」または「商標出願に関し、外国における冒認出願対策の意思を有している」中小企業者であること外国出願、その後の権利登録に必要な資金能力および資金計画を有していることこの3点を簡単にまとめると、「（1）権利を取得できる可能性があり、（2）権利を取得した場合にその権利を活用する計画があり、（3）手続きに必要な費用を支払うことができる」ことが求められることになります。これらについて提出された書面を審査し、1ヵ月半程度で結果が通知されます。まとめ特許料等の減免の対象となる料金は、審査請求料と第1年分～第10年分の特許料のみである。出願料は軽減されない一般的な中小企業では、審査請求料と特許料（第1年分～第10年分）が原則の額の半分に軽減される外国出願を行う場合、「中小企業等外国出願支援事業」を利用すると、2分の1の費用補助を受けることができる中小企業等外国出願支援事業を利用するには、あらかじめ日本の特許庁に出願をしていなければならない中小企業等外国出願支援事業は補助金の形で行われるため、補助金の申請をして審査に合格しなければならない審査で見るポイントは、「権利を取得できる可能性があり、権利を取得した場合にその権利を活用する計画があり、手続きに必要な費用を支払うことができる」かどうかであるシェアツイートLINEで送る同じテーマの記事地域ブランド保護に関する支援（地域団体商標支援）冒認商標無効・取消係争支援事業特許料等の減免制度、中小企業等外国出願支援事業補助金・助成金だけじゃない！中小企業支援施策2021"
https://j-net21.smrj.go.jp/support/publicsupport/2019031201.html,農商工連携の支援,,販路開拓・商品開発,支援情報,2022-01-01,販路開拓・商品開発農商工連携の支援支援情報2022年1月内容改訂わが国の経済を支える産業は、戦後からの技術進歩と経済成長の段階により、第一次産業、第二次産業、第三次産業に分類されます。第一次産業は農業、林業、漁業等の農林水産業、第二次産業は製造業、建設業、鉱業等の工業、第三次産業は小売業、卸売業、運輸業、情報通信業、サービス業等の商業です。農林漁業者と工業・商業等を営む中小企業者が連携して事業活動を行う場合、補助金の活用や専門家による支援、融資制度や信用保証の特例を受けられる支援策があります。農商工連携について2つの事業者のうち、一方は米、野菜、魚等を生産しているものの、輸送手段や販売力がない農林漁業者。もう一方は輸送手段や販売力はあるものの、米、野菜、魚等を生産する土壌や漁場と生産力がない工業・商業等の中小企業者だとします。このような事業者がお互いの強みを活かして協力することで、売上や利益の増加を目指す取組みを、「農商工連携」といいます。農商工連携を支援する国の法律として、「農商工等連携促進法」があります。この法律による各種支援を受けるには、農商工連携に取り組む農林魚業者と工業・商業等の中小企業者が連携して新商品・新サービスの開発、生産等を行うための「農商工等連携事業計画」を共同で作成した後、両者が連名で国に申請し、認定を受けることが必要です。計画の認定を受けると使える支援策農商工等連携事業計画の認定を受けると使える支援策は、次のとおりです。それぞれの支援策ごとに、支援機関の審査を受けたり確認をとったりすることが必要となります。（1）マーケティング等の専門家による支援（新事業創出支援事業)事業計画作成から試作品開発、販路開拓まで専門家による一貫した支援が受けられます。（2）政府系金融機関による融資制度等（海外展開に伴う資金調達支援を含む)設備資金及び長期運転資金について融資する制度があります。（3）信用保証の特例保証限度額の拡大等の特例が適用されます。（4）食品等流通合理化促進機構による債務保証等食品関係の事業を行う場合は、必要な資金の借入に対し債務保証等を受けられます。（5）農業改良資金融通法、林業・木材産業改善資金助成法、沿岸漁業改善資金助成法の特例認定を受けた中小企業者が、農林漁業者が行う農業改良措置等を支援する場合に、農業改良資金等の融資制度の対象とし、計画の認定を受けた中小企業者又は農林漁業者が当該計画に基づいて行う事業に必要な農業改良資金等の償還期間及び据置期間を延長します（償還期間:10年→12年、据置期間:3年→5年)。計画を申請できる事業者農商工等連携事業計画を申請できる事業者は、農林漁業者と中小企業者です。それぞれの分類について、下の図で表しています。農林漁業者（任意団体も申請可能）中小企業者（資本金、従業員数のいずれかを満たすこと）（任意団体は申請不可）計画の認定に必要なポイント農商工等連携事業計画が認定されるには、認定基準である5つのポイントを入れて計画を作成することが重要です。必ず申請書に記載しましょう。中小企業者と農林漁業者が「有機的連携」（お互いに利益があるように連携）して実施する事業であることお互いの「経営資源」（経営資産、技術、ノウハウ等）を「有効に活用」すること連携事業により「新商品や新サービスの開発、生産・提供の開拓」を行うものであること原則5年以内の計画期間とすること中小企業者の経営向上かつ農林漁業者の経営改善が実現すること申請窓口認定を受けるには、「農商工等連携事業計画」を作成し、管轄の経済産業局等の担当部局に申請してください。認定申請書の様式や記載例は、各経済産業局等のホームページまたは後掲の「農商工等連携事業の概要」のページからダウンロードできます。本ページでは、これまでに認定を受けた事業計画の概要も検索できます。J-Net21農商工連携事業の概要まとめ農商工等連携促進法は、農林漁業者と中小企業者が連携して新商品・新サービスの開発等を行うことを支援する国の法律であるこの法律に基づいて農商工等連携事業計画を共同で作成し、認定を受けると、政府系金融機関による融資、信用保証の特例等の支援策を利用できる計画申請書が認定されるには、5つのポイント（有機的連携、経営資源の有効活用、新商品・新サービスの開発等、5年以内の計画期間、経営向上かつ経営改善）が記載されていることが重要シェアツイートLINEで送る同じテーマの記事農商工連携の支援経営革新支援事業JICA「中小企業・SDGsビジネス支援事業-中小企業支援型-（旧：中小企業海外展支援事業）」小規模事業者持続化補助金JAPANブランド育成支援事業おもてなし規格認証補助金・助成金だけじゃない！中小企業支援施策2021
https://j-net21.smrj.go.jp/news/rh2rue00000023zv.html,つながる特許庁最終回、郡山市の参加者募集中,特許庁,支援,支援情報,2022-01-19,支援つながる特許庁最終回、郡山市の参加者募集中：特許庁支援情報2022年1月19日特許庁が発明や意匠、著作物など創造活動で生み出された知的財産（知財）を身近に感じてもらうため、全国6都市で開催しているイベント「つながる特許庁」が、2月9日午後1時から4時40分、福島県郡山市のビッグパレットふくしまで開かれる。参加は無料。オンラインでも参加できる。申込は2月4日午後5時。同日は昨年秋から開催してきた地域と特許庁を結ぶイベントの最終回。「農業×工業×知財」をテーマに、福島県内企業の知財を活かした農業分野の取組を紹介する。第一線で活躍中の専門家が、知財の気づきを提供するセミナーもある。詳しくは以下から。つながる特許庁特設ホームページシェアツイートLINEで送る中小企業NEWSトップへ戻る
https://j-net21.smrj.go.jp/news/rh2rue0000002806.html,脱炭素化に最大50万円,岐阜県,支援,"支援情報,SDGs,省エネ",2022-01-21,支援脱炭素化に最大50万円：岐阜県支援情報SDGs省エネ2022年1月21日岐阜県は「脱炭素化」に取り組む県内中小企業・団体を補助する「岐阜県中小企業脱炭素化事業費補助金」の2次募集を始めた。補助率は対象経費の2分の1以内、補助限度額は50万円。事業期間は交付決定日から2月28日まで。2月4日まで申請を受け付ける。補助対象事業は、脱炭素経営理解促進事業（経営者、従業員に脱炭素経営への理解促進に向けた研修を行う）、温室効果ガス排出削減計画書策定事業（岐阜県条例に基づき温室効果ガス排出削減計画書を作成する）、再エネ電力需要拡大事業（再エネ電力の需要拡大につながる普及啓発媒体の作成を行う）、再エネ電力廉価事業（県内企業が再エネ電力を安価に購入できるよう需給調整システムの構築を目指し、調査・研究・実証を行う）の4事業。詳しくは岐阜県のホームページへ。「岐阜県中小企業脱炭素化事業費補助金」の2次募集の開始シェアツイートLINEで送る中小企業NEWSトップへ戻る
https://j-net21.smrj.go.jp/news/rh2rue0000002cdg.html,障碍者のテレワークで雇用を、企業向け導入ガイダンス開催,厚労省,イベント,"支援情報,働き方改革",2022-01-25,イベント障碍者のテレワークで雇用を、企業向け導入ガイダンス開催：厚労省支援情報働き方改革2022年1月25日厚生労働省は3月1日と5日に「令和3年度障害者雇用テレワーク企業向け導入ガイダンス」を開催する。障害者をテレワークで雇用することに関心を持つ企業向けに、導入に向けた手順や求人の出し方、配慮ポイント、障害特性に応じた支援機器の活用などを説明する。参加は無無料、同省動画チャンネル（Youtube）で同時配信するので、オンライン参加も可能だ。障害者が自宅で働くテレワークは、全国から優秀な人材を確保することができるため、企業にもメリットがある。開催は東京会場が3月1日＝丸の内トラストタワーN館11階、大阪会場が3月5日=グランフロント大阪カンファレンスルームタワーで、いずれも午後1時から3時。定員先着順各100人。2月27日午後11時59分までに同ガイダンスのホームぺージから申し込む。申し込みは以下から。障害者雇用テレワーク企業向け導入ガイダンス当フォーラムの視聴は以下から。【YouTube】テレワークで働く！テレワークで雇用する！障害者用テレワーク促進フォーラム詳しくは厚労省のホームページへ。「障害者雇用テレワーク企業向け導入ガイダンス」を開催しますシェアツイートLINEで送る中小企業NEWSトップへ戻る
https://j-net21.smrj.go.jp/news/rh2rue0000002bvz.html,低コストCO2分離回収等技術を公募、2月3日にオンライン説明会,NEDO,支援,"支援情報,省エネ",2022-01-25,支援低コストCO2分離回収等技術を公募、2月3日にオンライン説明会：NEDO支援情報省エネ2022年1月25日新エネルギー・産業技術総合開発機構（NEDO）がグリーンイノベーション基金で実施予定の「CO2の分離回収等技術開発」を公募中だ。CO2濃度10％以下の低圧・低濃度ガスに対し、低コストの分離改修技術を開発する事業で、2月3日午前10時から11時30分、公募内容や契約に係る手続き、提出書類のオンライン説明会がある。申し込みは2月2日正午まで。開発内容は（1）天然ガス火力発電排ガスから大規模CO2を分離回収する技術（2）工場排ガス等から中小規模CO2を分離回収する技術（3）CO2分離素材の標準評価共通基盤。開発期間はいずれも2020年度から30年度まで最大9年間。公募受付は府省共通研究開発管理システム（e-Rad）で3月7日正午まで。e-RadのログインID、パスワードを取得には時間を要するので3月4日までに準備しておきたい。詳しくはNEDOのホームページへ。「グリーンイノベーション基金事業／CO2の分離回収等技術開発プロジェクト」に係る公募についてシェアツイートLINEで送る中小企業NEWSトップへ戻る
https://j-net21.smrj.go.jp/news/rh2rue0000002en4.html,食品ロス削減へ、恵方巻きの予約購入を要請,農水省,支援,支援情報,2022-01-27,支援食品ロス削減へ、恵方巻きの予約購入を要請：農水省支援情報2022年1月27日農林水産省が食品小売事業者に対し、食品ロスを削減し、店舗での密を防ぐため、恵方巻きの予約販売を呼び掛けている。数年前まで、2月3日の節分に大量販売される恵方巻が売れ残り、本来食べられるものを捨ててしまう食品ロス問題が顕在化していたためだ。同省は事業者に予約販売強化を、消費者には予約をして購入するよう求めている。節分にその年の吉をもたらす方角（恵方）に向かい、黙って願い事をしながら太い巻き寿司1本を丸かじりする「恵方巻」は、縁をきらないという縁起をかついだ季節の行事として近年、全国に広まっている。同省は新型コロナウイルス感染症が急拡大している昨今、予約販売は店舗での密を防ぐ効果もあるとみている。詳しくは農水省のホームページから。2022年の恵方巻きはぜひ予約購入を!シェアツイートLINEで送る中小企業NEWSトップへ戻る
https://j-net21.smrj.go.jp/news/rh2rue0000002mk1.html,サステナアワード2021表彰式、リアルとオンラインで開催,農水省ほか,イベント,"支援情報,SDGs",2022-02-02,イベントサステナアワード2021表彰式、リアルとオンラインで開催：農水省ほか支援情報SDGs2022年2月2日サステナアワード2021のロゴマーク農林水産省、消費者庁、環境省は2月14日午後2時30分から4時まで、東京都千代田区のAgVentureLab（アグベンチャーラボ）で「サステナアワード2021伝えたい日本の“サステナブル”」表彰式を開催し、各賞を発表する。コロナ感染予防のため、オンライン開催を併用し、受賞者表彰と審査委員の公表を行う。参加申し込みは2月8日まで。同アワードはSDGsゴール12「つくる責任つかう責任」を踏まえ、食や農林水産業に関わる持続可能なサービス・商品を扱う地域・生産者・事業者の取組を紹介する動画を、2021年10月26日から22年1月5日まで募集。応募92作品のなかから有識者の審査を経て農林水産大臣賞、環境大臣賞、消費者庁長官賞など各賞を決定する。一部入賞作品は、優良事例として国内外に広く発信する。詳しくは農水省のホームページへ。サステナアワード2021伝えたい日本の“サステナブル”」表彰式を2月14日に開催シェアツイートLINEで送る中小企業NEWSトップへ戻る
https://j-net21.smrj.go.jp/news/rh2rue0000002mi6.html,改正食品衛生法の内容説明会、オンライン開催,厚労省,イベント,支援情報,2022-02-02,イベント改正食品衛生法の内容説明会、オンライン開催：厚労省支援情報2022年2月2日厚生労働省は3月16日午後2時から3時30分、改正食品衛生法の施行に関する説明会をオンライン開催する。2021年6月1日に施行された同法の改正内容を紹介する催しで、定員は先着順300回線。事前にエントリーすれば質問が1問まで可能なので関連事業者は活用したい。参加は無料。申し込みは2月18日まで。説明会では、食品安全確保の手法HACCP（ハサップ）に沿った衛生管理の制度化、営業届出制度の創設・営業許可制度の見直し、食品等の自主回収報告制度の創設などを紹介する。飲食による健康被害発生を未然に防止する食品衛生法はニーズの多様化や国際化に沿うよう2003年の改正から、18年ぶりに見直されている。参加申し込みなど詳しくは厚労省のホームページから。「改正食品衛生法の施行に関する説明会」を開催しますシェアツイートLINEで送る中小企業NEWSトップへ戻る
https://j-net21.smrj.go.jp/news/rh2rue0000002meg.html,第1回「まちづくりアワード」、応募者募集,国交省,イベント,支援情報,2022-02-02,イベント第1回「まちづくりアワード」、応募者募集：国交省支援情報2022年2月2日国土交通省がまちづくりの取組の中から特に優れたものを表彰する「まちづくりアワード」を創設し、第1回募集を始めている。応募者のなかから識者が国土交通大臣賞1件と特別賞数件を選考、2021年6月に表彰式を行う。締め切りは3月18日午後6時。対象はまちづくり会社や協議会、民間企業、大学の研究室や市民サークル、地方公共団体など。都市の種々の課題解決や、地域における良好な環境の創造、地域の価値の維持・向上などを実現している先導的取組の「実績部門」と、自らが掲げるテーマに基づき作成した、まちづくりの「構想や計画部門」がある。詳しくは国交省のホームページから。「まちづくりアワード」創設！第１回の募集を開始します～優れたまちづくりの取組、構想・計画の応募をお待ちしています～シェアツイートLINEで送る中小企業NEWSトップへ戻る
https://j-net21.smrj.go.jp/news/rh2rue0000002q4y.html,ガソリン価格上昇抑制補助金、3円70銭に引上げ,経産省,支援,支援情報,2022-02-04,支援ガソリン価格上昇抑制補助金、3円70銭に引上げ：経産省支援情報2022年2月4日経済産業省が2月3日から原油価格の上昇抑制のため石油元売り会社に支給している補助金を1リットルあたり3円70銭に引き上げている。2月7日時点のガソリン全国平均価格が173円70銭と予測されるためだ。元売り会社の卸売価格が引き下げられれば、高止まりしている小売価格の値下げにつながると期待されるが、ガソリンの小売価格はガソリンスタンドなど小売り業者の経営判断になるため、効果は不透明だ。同補助金は、原油価格高騰がコロナ禍からの経済回復を妨げるになることを防ぐため、予算893億円で2022年3月末まで講じられる措置。21年11月の閣議でレギュラーガソリンの店頭小売価格の全国平均が1リットル当たり170円を超えた場合、石油元売り会社に対し最大5円まで補填し、小売価格の上昇を抑制する制度を決定。22年1月27日から実施され、1リットルあたり3円40銭を支給していた。だが、2月2日に発表された1月31日時点のガソリン全国平均価格は170円90銭だった。ガソリン価格は中東で石油施設爆発や火災などが相次いだことやウクライナ醸成の緊迫化で高騰。1月31日時点で170円90銭と、2008年9月以来約13年ぶりの高値水準をつけた。詳しくは経産省資源エネルギー庁のホームページへ。コロナ下における燃料油価格激変緩和対策事業シェアツイートLINEで送る中小企業NEWSトップへ戻る
https://j-net21.smrj.go.jp/news/rh2rue0000002s7d.html,2027年国際園芸博覧会へ「花いっぱいプロジェクト」始まる,農水省,支援,支援情報,2022-02-08,支援2027年国際園芸博覧会へ「花いっぱいプロジェクト」始まる：農水省支援情報2022年2月8日愛妻の日に合わせた販促キャンペーンも（同省公式YouTubeチャンネルから）農林水産省が「花いっぱいプロジェクトROADto2027年国際園芸博覧会」を始めている。2027年に横浜市で開催予定の国際園芸博覧会に向けた機運醸成を図るのがねらい。同省ホームページに花を飾ったり、贈ったりするときの参考情報や同博覧会情報を発信する特設サイトを開設した。同省公式YouTubeチャンネル「BUZZMAFF」では、1月31日の愛妻の日、2月14日のバレンタインデー、3月14日のホワイトデーを「花は自由なラブレター3LOVESTORIES」とする花き業界のキャンペーンを紹介、需要喚起を支援している。同博覧会（花博）は各国の園芸・造園団体などでつくる国際園芸家協会（AIPH）のランクで最も大規模な「A1」クラスで開催予定。国内でのA1園芸博は、1990年の大阪花の万博に続き2回目になる。農水省の特設サイトは以下から。花いっぱいプロジェクト詳しくは農水省のホームページへ。「花いっぱいプロジェクトROADto2027年国際園芸博覧会」始めます！シェアツイートLINEで送る中小企業NEWSトップへ戻る
https://j-net21.smrj.go.jp/news/rh2rue0000002t55.html,検疫の入国前WEB手続スタート、まず関空で試験運用,厚労省,支援,支援情報,2022-02-09,支援検疫の入国前WEB手続スタート、まず関空で試験運用：厚労省支援情報2022年2月9日厚生労働省が海外から日本へ入国・帰国する人に対し、空港検疫で実施している手続の一部を、入国者健康居所確認アプリ（MySOS）を通じてWEB上で日本入国前に済ませることができる「ファストトラック」の試験運用を関西国際空港で開始している。日本入国前に手続きを済ませることで到着時の手続を簡素化・迅速化するのがねらい。入国・帰国前にアプリをインスト—ルし、質問票や誓約書、検査証明書などを記入すると、「検疫手続き確認センター」が確認し、アプリ画面が赤色から緑色に変わる。この画面を空港の検疫職員に提示すればいい。同省は関西空港検疫所での試行運用の後、順次、成田空港検疫所、東京空港検疫所支所、中部空港検疫所支所、福岡空港検疫所支所での運用を展開する方針。詳しくは厚労省のホームページへ。検疫の入国前WEB手続の開始についてシェアツイートLINEで送る中小企業NEWSトップへ戻る
https://j-net21.smrj.go.jp/news/rh2rue0000002t3a.html,マイナンバーカードの空き領域、民間事業者で活用,総務省,支援,支援情報,2022-02-09,支援マイナンバーカードの空き領域、民間事業者で活用：総務省支援情報2022年2月9日総務省が日本郵政株式会社、日本郵便株式会社、株式会社ゆうちょ銀行、株式会社かんぽ生命保険に対し、マイナンバーカード（ICチップ）の空き領域にアプリケーションを搭載し、自社内への入退室やPC認証・鍵管理機器などの使用権限有無の確認にマイナンバーカードを活用することを認めている。同省は順次、民間事業者のマイナンバーカード活用を拡げていきたい考えだ。他の民間事業者が同様の活用をするには、番号法施行令第18条第2項第4号の規定に基づき、事務の実施者や事務内容について、内閣総理大臣及び総務大臣による告示を受けることが必要になる。詳しくは総務省のホームページへ。民間事業者におけるマイナンバーカードの利活用シェアツイートLINEで送る中小企業NEWSトップへ戻る
https://j-net21.smrj.go.jp/news/rh2rue0000002szi.html,鉄鋼の追加関税緩和受け、日米が連携強化の共同声明,経産省,支援,支援情報,2022-02-09,支援鉄鋼の追加関税緩和受け、日米が連携強化の共同声明：経産省支援情報2022年2月9日経済産業省は2月8日、米国商務省、米国通商代表部とともに、鉄鋼とアルミニウム産業に関する共同声明を発表した。非市場的な慣行を背景とした過剰生産能力問題や炭素強度に対応するため両国の連携を強化するとしている。同日（米東部時間7日）、バイデン政権が日本から輸入する鉄鋼に課している追加関税の一部を免除し、2022年4月1日から年125万トンの無関税枠を設けるという発表を受けた。ただ、日本製鉄鋼製品125万トンには現在適用されている25％の追加関税が撤廃されるものの、輸入枠125万トンを超えた分には従来通り25％の追加関税が課されるほか、アルミニウムには10％の追加関税が課される措置が続く。このため萩生田光一経済産業相は同日「米国に対し、引き続き完全解決を強く求めていく」との談話もあわせて発表した。米国はトランプ政権下の2018年、安全保障上の脅威を理由に、日本など海外から輸入する鉄鋼に25％、アルミニウムに10％の追加関税を上乗せする輸入制限を順次発動していた。詳しくは経産省のホームページから。鉄鋼及びアルミニウム産業に関する共同声明を発表しましたシェアツイートLINEで送る中小企業NEWSトップへ戻る
https://j-net21.smrj.go.jp/news/rh2rue0000002u9m.html,地域支援機関が集結,岩手県,イベント,支援情報,2022-02-10,イベント地域支援機関が集結：岩手県支援情報2022年2月10日岩手県よろず支援拠点（実施機関＝いわて産業振興センター）は、岩手県内の金融機関、商工団体、行政機関との連携を深め、中小企業への支援体制を向上させるため「地域支援機関連携フォーラム」を2月25日にオンライン形式で開催する。県内の支援機関、金融機関などのほか、中小企業経営者の参加も歓迎する。2月18日まで参加者を募集している。時間は13時30分～16時30分。まず岩手県よろず支援拠点の中村春樹チーフコーディネーターが「岩手県よろず支援拠点の活動報告及び次年度計画について」をテーマに拠点を紹介する。また「支援者が最低限抑えておくべき事業承継支援の勘所」（中小機構東北本部・乾比呂人中小企業アドバイザー）、「支援力UP講座～食産業支援編～」（岩手県よろず支援拠点・藤井登サブチーフコーディネーター）など、多彩な講演・情報提供を用意した。詳しくは、いわて産業振興センターのホームページへ。令和３年度岩手県よろず支援拠点地域支援機関連携フォーラムのご案内シェアツイートLINEで送る中小企業NEWSトップへ戻る
https://j-net21.smrj.go.jp/news/rh2rue0000002xnb.html,溶接事業者のフィットテスト円滑化ヘ、測定機関に補助金50万円,厚労省,支援,支援情報,2022-02-15,支援溶接事業者のフィットテスト円滑化ヘ、測定機関に補助金50万円：厚労省支援情報2022年2月15日厚生労働省が溶接作業で発がん物質の吸引を防ぐマスクが適切に装着しているか確認する「フィットテスト測定器」を購入する団体を公募している。対象は作業環境測定機関や特殊健康診断実施機関などで、50万円を上限に購入費用の2分の1を補助する。締め切りは3月7日午後5時。金属アーク溶接等の作業で発生する溶接ヒュームは、発がん性が認められ、神経機能障害を発生させるため、関連法が改正され、屋内の溶接作業では呼吸用保護具を使用し、年に1回のフィットテストの実施が義務図けられた。2023年4月1日から全面施行される。溶接従事者は約30万人、事業者は約1万にのぼるが、ほとんどが中小企業で、年1回のテストのために高価な測定機器を備え付けるのは難しい。測定機器のレンタルする事業者や出張測定等を行う事業者も少ない。そこで同省は中小企業事業者の委託を受けてフィットテストを実施する機関がテスト実施体制を整備できるよう、これらの機関が測定機器を購入する際の費用の一部を補助することにした。詳しくは厚労省のホームページへ。令和4年度フィットテスト測定機器購入補助金（間接補助金）に係る補助事業者（執行団体）の公募について（公募要領）シェアツイートLINEで送る中小企業NEWSトップへ戻る
https://j-net21.smrj.go.jp/news/rh2rue0000002wqy.html,第18回食育推進全国大会、富山県で開催,農水省,イベント,支援情報,2022-02-15,イベント第18回食育推進全国大会、富山県で開催：農水省支援情報2022年2月15日農林水産省は、2023年6月の「食育月間」に開かれる第18回食育推進全国大会を富山県と共催で開催する。食育に対する国民の理解促進を図り、関係者相互間の連携を促す毎年恒例の全国規模イベントで、食育活動表彰、展示、シンポジウム、ステージイベントなどを実施する。来場者のほか、オンラインで会場に足を運べなくても参加できるようにする方針だ。同イベントは2023年6月24日から25日、富山市の富山産業展示館（テクノホール）で開催する。近年は20年度に愛知県で開催予定だった第15回大会がコロナ感染防止のため中止になり、21年度の第16回大会は岩手県でオンライン開催した。22年度の第15回大会は愛知県で開催予定だ。詳しくは農水省のホームページから。第18回食育推進全国大会の開催地の決定についてシェアツイートLINEで送る中小企業NEWSトップへ戻る
https://j-net21.smrj.go.jp/news/rh2rue0000002y6n.html,誘客イベント開催に最大200万円,山口県,支援,支援情報,2022-02-16,支援誘客イベント開催に最大200万円：山口県支援情報2022年2月16日山口県と山口県観光連盟は、観光需要の回復を目的とした魅力的なイベントの開催を促すため「誘客イベント開催支援事業補助金」の申請受付を開始した。対象となるのは市町や観光協会、観光施設、民間事業者、イベント実行委員会など。補助額は200万円を上限とした定額補助。申請期間は3月15日まで。対象イベントは（1）県内周遊や滞在時間の延長など交流人口の拡大や宿泊をはじめとする観光需要の回復を目的とする（オンラインのみのイベントは除く）（2）4月1日から2023年1月31日までの間に山口県内で開催される（3）感染防止対策を踏まえた上で開催される（4）広く一般の方が参加可能—などが要件。イベントの開催に直接用いられる企画や運営、広告宣伝、感染拡大防止対策経費などが対象となる。詳しくは山口県のホームページへ。「誘客イベント開催支援事業補助金」の申請受付開始についてシェアツイートLINEで送る中小企業NEWSトップへ戻る関連リンク新型コロナウイルス関連ニュース新型コロナウイルスに関連するニュースをまとめています。新型コロナウイルス関連（都道府県別）新型コロナウイルスに関する地域の補助金・助成金・融資の情報をまとめています。
https://j-net21.smrj.go.jp/news/rh2rue000000314o.html,コロナ水際対策を3月から緩和、入国制限1日5000人に,政府,支援,支援情報,2022-02-17,支援コロナ水際対策を3月から緩和、入国制限1日5000人に：政府支援情報2022年2月17日岸田文雄首相は2月17日午後7時から記者会見し、新型コロナウイルス感染症の水際対策として実施している外国からの新規入国制限を3月から緩和すると表明する。1日あたりの入国者数の上限を、現在の3500人から5000人に引き上げ、入国が認められた外国人に求めている7日間の自主待機期間を条件付きで3日間に短縮もしくは待機免除にする。入国者はビジネス関係者や留学生など観光客以外を優先し、感染状況をみながら段階的に緩和する。自主待機期間は、入国前に滞在した国の感染が落ち着いていることや新型コロナワクチンの3回接種、入国時の検査で陰性確認など一定の条件を満たす場合に限り短縮あるいは免除する。政府は昨年11月末、外国人の新規入国を原則禁止。12月1日には外国人の入国者総数の上限を1日5000人から3500人に引き下げた。入国者の待機期間も14日間から段階的に7日間に短縮していたが、与党や経済界から「鎖国状態だ」ともう一段の緩和を求める声が出ていた。2月末までのコロナ水際対策は外務省のホームページへ。新型コロナウイルス感染症に関する水際対策の強化に係る措置についてシェアツイートLINEで送る中小企業NEWSトップへ戻る関連リンク新型コロナウイルス関連ニュース新型コロナウイルスに関連するニュースをまとめています。新型コロナウイルス関連（都道府県別）新型コロナウイルスに関する地域の補助金・助成金・融資の情報をまとめています。
https://j-net21.smrj.go.jp/news/rh2rue0000002z8c.html,産業獣医師めざす学生に修学資金給付,農水省が公募中,支援,支援情報,2022-02-17,支援産業獣医師めざす学生に修学資金給付：農水省が公募中支援情報2022年2月17日農林水産省が牛、豚、鶏など経済行為に役立つ産業動物の臨床獣医師や、家畜防疫業務などを行う公務員獣医師をめざす高校生や学生に修学資金を出す。平成4年度「獣医療提供体制整備推進総合対策事業」で関連産業の育成や診療効率化を図るのがねらい。予算総額は1億8306万円。締め切りは3月1日。獣医師を目指す高校生には、獣医系大学が設定する地域枠入学試験に合格後、入学金と1年次の前期分授業料、実習費などを上限2分の1で給付。地域で産業動物獣医師をめざす獣医学生には、国公立大学生に月額10万円、私立大学生に同18万円を限度に修学資金を給付する。詳しくは農水省のホームページへ。2022年度「獣医療提供体制整備推進総合対策事業」の公募についてシェアツイートLINEで送る中小企業NEWSトップへ戻る
https://j-net21.smrj.go.jp/news/d53v580000000kaq.html,ウクライナ侵攻で相談窓口,中企庁,支援,支援情報,2022-02-25,支援ウクライナ侵攻で相談窓口：中企庁支援情報2022年2月25日経済産業省中小企業庁は2月25日、ロシアによるウクライナ侵攻や原油価格高騰などの影響を受ける中小企業・小規模事業者を支援すると発表した。特別相談窓口を設置するとともに、厳しい状況に直面する事業者に対する資金繰り支援を実施する。日本政策金融公庫、商工中金、信用保証協会、商工会議所、都道府県商工会連合会、都道府県中小企業団体中央会、中小機構地域本部、地方経済産業局などに設置されている「原油価格上昇に関する特別相談窓口」を「ウクライナ情勢・原油価格上昇等に関する特別相談窓口」に同日付で拡充。困難な状況に直面している中小企業者に対する資金繰りや経営に関する相談を受け付ける。これに加え、日本公庫などが実施するセーフティネット貸付の要件を緩和する。支援対象をウクライナ情勢や原油高により今後の影響が懸念される事業者にまで拡大する。詳しくは経産省のホームページへ。ウクライナ情勢の変化に伴い中小企業・小規模事業者対策を行いますシェアツイートLINEで送る中小企業NEWSトップへ戻る
https://j-net21.smrj.go.jp/news/d53v580000000pj5.html,市場を創る標準化,BSフジで放送,イベント,支援情報,2022-03-01,イベント市場を創る標準化：BSフジで放送支援情報2022年3月1日経済産業省の委託事業として「標準化」をテーマとしたテレビ番組が3月5日14～15時に、BSフジで放送される。「標準化が身の回りでどのように役立っているか？」「標準化がビジネスにどのように活用されているか？」などを楽しく理解できる。日本規格協会グループの朝日弘代表が専門家として解説する。番組名は「みんなが得するビジネス講座～市場を創るツール“標準化”～」。タレントのビビる大木が学長、なすなかにし（中西茂樹・那須晃行）が講師となり、生徒の磯野貴理子、藤本淳史、みりちゃむ（大木美里亜）に分かりやすく講義する。番組は経済産業省の委託により、日本規格協会が実施する事業の一環。詳しくはBSフジのホームページへ。みんなが得するビジネス講座～市場を創るツール“標準化”～シェアツイートLINEで送る中小企業NEWSトップへ戻る
https://j-net21.smrj.go.jp/news/d53v580000000ph9.html,サイバー攻撃対策を紹介,IPA,支援,支援情報,2022-03-01,支援サイバー攻撃対策を紹介：IPA支援情報2022年3月1日情報処理推進機構（IPA）は、中小企業がインターネットに公開するウェブサイト（ホームページ）をサイバー攻撃から守り、安全に運用するため「脆弱性対策」（セキュリティー上の問題箇所の対策）を紹介するガイドを公開した。昨今、ウェブサイトの脆弱性や運用管理の不備を悪用された情報漏えいやウェブページの改ざんなどの被害が多数発生しており、対応を促すことにした。ガイドは、脆弱性が元で実際に発生した事例と求められる対策を紹介するほか、脆弱性対策が強く求められるウェブサイトの特徴を解説する。対策のポイントを「（1）まずこれから」「（2）構築と運用」「（3）トラブルと相談先」の3つのカテゴリーに分けて解説した。情報漏えいやウェブページの改ざんなどの被害が発生すると、ビジネスやサービスの中断・停止、またそれによって生じた損失への補償、顧客や取引先からの信頼失墜など、事業への直接・間接的な影響が生じる恐れがある。3月1日には、取引先部品メーカーがサイバー攻撃を受けたため、トヨタ自動車が国内14工場すべてで生産を停止している。詳しくはIPAの脆弱性対応ガイドへ。安全なウェブサイト運営にむけて～企業ウェブサイトのための脆弱性対応ガイドシェアツイートLINEで送る中小企業NEWSトップへ戻る
https://j-net21.smrj.go.jp/news/d53v580000000p1v.html,ウクライナ情勢で下請け配慮要請,中企庁,支援,支援情報,2022-03-01,支援ウクライナ情勢で下請け配慮要請：中企庁支援情報2022年3月1日経済産業省中小企業庁は、ロシアによるウクライナ侵攻や原油価格高騰などの影響を受ける下請事業者に対する配慮について、経済産業大臣名の要請文書を発出した。関係事業者団体約1500団体に対して、原材料・エネルギーコスト増加分の適正な価格転嫁を要請するとともに、親事業者による一方的な価格設定などの買いたたきや減額など違反行為が認められた場合、下請代金支払遅延等防止法に基づき公正取引委員会と連携して厳正に対処する方針を明記した。下請事業者から価格交渉の申出があった場合には積極的に応じ、取引対価はエネルギーコストや原材料費の上昇分を考慮した上で十分に協議し決定するなど、適切な価格決定がなされるよう会員企業に対して周知を要請。昨年12月27日に閣議了解された「パートナーシップによる価値創造のための転嫁円滑化施策パッケージ」に基づく価格転嫁対策に取り組むことや、今年3月を昨年9月に続く「価格交渉促進月間」とし、この結果に基づき下請中小企業振興法に基づく指導・助言を実施することなどを盛り込んだ。詳しくは中企庁のホームページへ。ウクライナ情勢の変化等による原材料・エネルギーコスト増の影響を受ける下請事業者に対する配慮について経済産業大臣名の要請文書を発出しましたシェアツイートLINEで送る中小企業NEWSトップへ戻る
https://j-net21.smrj.go.jp/news/d53v580000000xi9.html,来年度公募事業の説明会を3月23日にオンライン開催,かごしま産業支援センター,イベント,支援情報,2022-03-09,イベント来年度公募事業の説明会を3月23日にオンライン開催：かごしま産業支援センター支援情報2022年3月9日かごしま産業支援センターは、鹿児島県内の中小企業などを対象に創業・経営革新や研究開発などを支援するための来年度の公募事業について説明会を3月23日13時30分～15時35分にオンラインで開催する。参加費は無料。参加申し込みは3月14日まで。当日は、新事業創出支援事業や新製品等販路拡大支援事業、研究開発支援事業、専門家派遣事業、IT資格取得助成事業など来年度実施予定の公募事業について説明するほか、社内研修用DVD無料提供やものづくり鹿児島リーダー塾など公募事業以外についても説明を行う。詳しくは、かごしま産業支援センターのホームページへ。「令和4年度かごしま産業支援センター公募事業等説明会」の開催についてシェアツイートLINEで送る中小企業NEWSトップへ戻る
https://j-net21.smrj.go.jp/news/d53v5800000013cw.html,ロシア・ウクライナ情勢を解説,ジェトロ,イベント,"支援情報,海外展開",2022-03-11,イベントロシア・ウクライナ情勢を解説：ジェトロ支援情報海外展開2022年3月11日日本貿易振興機構（ジェトロ）は緊急ウェビナー「ロシア・ウクライナ情勢をめぐる海外ビジネスへの影響」をオンライン（ライブ配信）で開催する。ロシアのウクライナ侵攻に伴う両国ビジネス環境の現状や、対ロシアを中心とした日本企業の海外ビジネスへの影響について、ジェトロの地域担当者が解説する。3月14日までに申し込む。時間は14時～15時30分。講師はジェトロ海外調査部の下社学主幹（ロシアCIS地域担当）。ジェトロの相談窓口に寄せられた相談内容や進出日系企業へのヒアリング情報などをもとに、ロシア・ウクライナ情勢をめぐる海外ビジネスへの影響を解説する。併せて、日本政府による新たな外国為替及び外国貿易法に基づく措置について、経済産業省貿易審査課の本城浩課長が説明する。詳しくはジェトロのホームページへ。緊急ウェビナー「ロシア・ウクライナ情勢をめぐる海外ビジネスへの影響」シェアツイートLINEで送る中小企業NEWSトップへ戻る
https://j-net21.smrj.go.jp/news/d53v5800000010us.html,DX支援者向けセミナー,東北経産局,イベント,支援情報,2022-03-11,イベントDX支援者向けセミナー：東北経産局支援情報2022年3月11日東北経済産業局は、IT企業や商工団体、金融機関、自治体など企業のDX（デジタルトランスフォーメーション）支援者を対象とした「企業DX支援者」向けセミナーを3月16日にオンラインで開催する。「D」と「X」それぞれの最新動向と、企業支援に係るメソッドを紹介する。時間は13時30分～15時30分。3月14日までに申し込む。「実例から学ぶ、東北の企業に対してデジタル（D）を活用した変革（X）を促す方法」をテーマにMAKOTOキャピタルの福留秀基代表取締役が講演。また東北経済産業局の佐藤優希係長が「デジタル化・DX関連の動向」を、中小機構東北本部の長滝修平課長代理が「中小企業のIT導入支援」をテーマにそれぞれ解説する。詳しくは東北経産局のホームページへ。「企業DX支援者」向けセミナーを開催しますシェアツイートLINEで送る中小企業NEWSトップへ戻る
https://j-net21.smrj.go.jp/news/d53v5800000014q1.html,サイト運営者向けセミナー,IPA,イベント,支援情報,2022-03-15,イベントサイト運営者向けセミナー：IPA支援情報2022年3月15日情報処理推進機構（IPA）は「ウェブサイトの安全な運用について（運営・管理者向け）」セミナーを3月25日にオンラインで開催する。ウェブサイトの脆弱性を狙った攻撃による被害が続出しており、脆弱性情報を受取る可能性がある運営者に対して、脆弱性に関連する知識・対策や、脆弱性情報の入手時の行動について解説する。対象者は主にウェブサイトを運営または管理を任されているセキュリティー初級者。時間は14時～15時30分。プログラムはパート1「脆弱性とは」、パート2「脆弱性対策について」、パート3「脆弱性が見つかったら」。定員は100人（先着順）で、定員に達し次第、受け付けを終了する。資料は終了後に公開する。詳しくはIPAのホームページへ。「ウェブサイトの安全な運用について(運営・管理者向け)」セミナー開催のお知らせシェアツイートLINEで送る中小企業NEWSトップへ戻る
https://j-net21.smrj.go.jp/news/d53v58000000184g.html,福島県沖地震で特別相談窓口,中小機構,支援,支援情報,2022-03-17,支援福島県沖地震で特別相談窓口：中小機構支援情報2022年3月17日中小機構は3月16日深夜に発生した福島県沖を震源とする地震について、宮城県と福島県の全市町村（27市51町16村）に災害救助法が適用されたことを踏まえ、被災中小企業が早期に事業を再開できるよう特別相談窓口を17日に設置した。同時に被災した小規模企業共済契約者に対して災害時貸付を適用する。特別相談窓口は東北本部の企業支援部企業支援課（仙台市青葉区、022-716-1751）に開設。また被災小規模企業共済契約者に対する対策については、共済事業グループ小規模共済融資課（03-3433-8811、https://www.smrj.go.jp/kyosai/skyosai/customer/index.html）が窓口となる。詳しくは中小機構のニュースリリースへ。令和4年福島県沖を震源とする地震による災害に関する被災中小企業・小規模事業者対策について（PDF：308KB）シェアツイートLINEで送る中小企業NEWSトップへ戻る
https://j-net21.smrj.go.jp/news/d53v5800000018k6.html,ロシア向け輸出を禁止,経産省,支援,支援情報,2022-03-18,支援ロシア向け輸出を禁止：経産省支援情報2022年3月18日経済産業省はロシアによるウクライナ侵攻を踏まえ、制裁措置としてロシア・ベラルーシなどに向けた輸出禁止措置を導入する。18日に施行される。工作機械、炭素繊維など国際輸出管理レジーム対象品目や、半導体、コンピューター、通信機器など軍事能力の強化に資すると考えられる汎用品は、原則としてロシア・ベラルーシ向けの輸出を禁止する。第三国に輸出し、第三国からロシア・ベラルーシに再輸出する場合など、ロシアやベラルーシが直接の輸出先でない場合も輸出禁止の対象となる場合がある。対象となる品目やサービス取引（技術の提供など）を定める省令・告示を官報に掲載した。詳しくは経産省のホームページへ。ウクライナ情勢に関する外国為替及び外国貿易法に基づく措置を実施します（措置の対象となる貨物及び役務取引等について）シェアツイートLINEで送る中小企業NEWSトップへ戻る
https://j-net21.smrj.go.jp/news/d53v580000001b8b.html,インフラメンテナンス大賞,国交・経産省など募集,イベント,支援情報,2022-03-23,イベントインフラメンテナンス大賞：国交・経産省など募集支援情報2022年3月23日国土交通省は総務、文部科学、厚生労働、農林水産、経済産業、防衛の各省とともに「第6回インフラメンテナンス大賞」の募集を始めた。日本国内の社会資本のメンテナンスに関する優れた取り組みや技術開発を表彰し、インフラメンテナンス産業の活性化を図るのが目的。応募期間は5月20日まで。2022年秋頃に受賞者を決定し、冬頃に表彰する。対象となるのは、国土交通省、総務省、文部科学省、厚生労働省、農林水産省、経済産業省、防衛省が所管する施設について「メンテナンス実施現場における工夫部門」「メンテナンスを支える活動部門」「技術開発部門」において優れた取り組みや技術開発を行った人。有識者による審査を経て、各大臣賞、特別賞、優秀賞を決定する。詳しくは国交省のホームページへ。インフラメンテナンスの優れた取組や技術開発を募集します！～第6回「インフラメンテナンス大賞」募集開始～シェアツイートLINEで送る中小企業NEWSトップへ戻る
https://j-net21.smrj.go.jp/news/d53v580000001c99.html,動画やポスター、小冊子で「島でがんばる事業者を応援」,江田島市商工会,支援,支援情報,2022-03-24,支援動画やポスター、小冊子で「島でがんばる事業者を応援」：江田島市商工会支援情報2022年3月24日各事業者の特色を表現したポスター江田島市商工会（広島県）は、「島でがんばる事業者を応援」をコンセプトに、同商工会に所属する事業者を動画などで全国にPRしていくプロジェクト「ちいさなお店おおきな仕事」を開始した。第1弾として、牡蠣養殖業者など島で必要とされている5つの事業者を取り上げ、PR動画やポスター、インタビュー記事を掲載した小冊子で全国に紹介していく。同商工会は、市内の小規模事業者のDX化による販路拡大を支援しており、今回のプロジェクトはその一環として企画されたもの。動画など販促物の制作（撮影・編集・デザイン）は、市内の事業者や江田島市地域おこし協力隊が担当した。とくに動画と小冊子では、担当者が事業者に密着取材を行い、知られざる現場での様子や仕事に対する思いなどを取り上げている。詳しくは江田島市のプレスリリースへ。島でがんばる事業者を応援！『ちいさなお店おおきな仕事』プロジェクトシェアツイートLINEで送る中小企業NEWSトップへ戻る
https://j-net21.smrj.go.jp/news/d53v580000001flr.html,補助単価を大幅引き上げ,電気自動車,支援,支援情報,2022-03-25,支援補助単価を大幅引き上げ：電気自動車支援情報2022年3月25日経済産業省は3月25日、電気自動車（EV）・プラグインハイブリッド車（PHEV）・燃料電池自動車（FCV）の購入補助および充電インフラ整備補助の申請受付を31日から順次開始すると発表した。EVの場合、補助上限額を40万円から85万円へと大幅に引き上げたほか、充電インフラについても補助対象範囲や補助額を拡充した。軽EVやPHEVの補助額は、従来の約20万円を最大55万円に引き上げた。2021年11月26日以降に新車新規登録（登録車）または新車新規検査届出（軽自動車）された車両が対象となる。一方、充電インフラの整備補助は、事前の設備購入や工事着手は認められない。高速道路SA・PA、道の駅などに限定されていた急速充電は、個人宅以外全エリアを対象とするほか、急速充電だけが対象だった設備の更新・入替えについて普通充電も対象とする。詳しくは経産省のホームページへ。令和3年度補正予算「クリーンエネルギー自動車・インフラ導入促進補助金」の車両購入補助・充電インフラ整備補助の申請受付を開始します。シェアツイートLINEで送る中小企業NEWSトップへ戻る
https://j-net21.smrj.go.jp/news/d53v580000001fhg.html,サイバー攻撃の対策強化を,4省庁が注意喚起,支援,支援情報,2022-03-25,支援サイバー攻撃の対策強化を：4省庁が注意喚起支援情報2022年3月25日経済産業省、総務省、警察庁、内閣官房内閣サイバーセキュリティセンターは、サイバーセキュリティ対策の強化について、あらためて注意を喚起した。サイバー攻撃の脅威に対する認識を深め、対策を徹底するとともに、特に中小企業に対して、情報処理推進機構（IPA）が提供する「サイバーセキュリティお助け隊サービス」の活用などに取り組むことを推奨した。すでに昨今のサイバー攻撃事案のリスクの高まりを踏まえ、政府は2月下旬以降、2度の注意喚起を行っている。しかしその後も、ランサムウェアによる攻撃やエモテットの感染の増大が見られることから、（1）リスク低減のための措置（2）インシデントの早期検知（3）インシデント発生時の適切な対処・回復—の徹底などをあらためて促した。詳しくは経産省のホームページへ。サイバーセキュリティ対策の強化について注意喚起を行いますシェアツイートLINEで送る中小企業NEWSトップへ戻る
https://j-net21.smrj.go.jp/news/d53v580000001eeo.html,商店街活性化へ自治体公募,中企庁,支援,支援情報,2022-03-25,支援商店街活性化へ自治体公募：中企庁支援情報2022年3月25日経済産業省中小企業庁は「地域商業機能複合化推進事業（地域の持続的発展のための中小商業者等の機能活性化事業）」の公募を始めた。来街者の消費動向調査や需要創出につながる機能導入に取り組む商店街を支援する地方公共団体（都道府県・市区町村）に対して、国が費用の一部を補助する事業で、今回は地方公共団体を募集する。募集期間は4月20日まで。補助対象事業者は地方公共団体で、間接補助事業者は商店街等組織または民間事業者。関節補助事業の内容は、消費動向等分析・テナントミックス構築事業（ソフト事業）と、商店街等新機能導入促進事業（ハード事業）。ソフト事業の補助率は、地方公共団体が間接補助事業者に交付する額の5分の4で、補助上限額は400万円。ハード事業は同3分の2で、上限額は4000万円となる。詳しくは中企庁のホームページへ。令和4年度予算「地域商業機能複合化推進事業(地域の持続的発展のための中小商業者等の機能活性化事業)」の公募を開始しますシェアツイートLINEで送る中小企業NEWSトップへ戻る
https://j-net21.smrj.go.jp/news/d53v580000001lpl.html,WHILLの債務を保証,中小機構,支援,支援情報,2022-03-29,支援WHILLの債務を保証：中小機構支援情報2022年3月29日中小機構は3月29日、産業競争力強化法に基づく革新的技術研究成果活用事業の認定事業者であるWHILL（東京都品川区）の銀行借入に対して債務保証契約を結んだと発表した。融資額は大規模空港でのラストワンマイル移動の自動運転化サービスに向けたソフトウェアやシステム開発、今後の量産体制整備のために必要となる7億円。このうち50％（3億5000万円）を中小機構が保証する。融資金融機関は静岡銀行と山梨中央銀行。融資期間は5年間。WHILLは次世代の車いすを開発・販売するベンチャー。高いデザイン性と歩道の段差を気にせず乗り越えられる優れた走破機能を備え、高齢者や障害者向けの福祉用具にとどまらない「パーソナルモビリティ」として国内外への展開が期待される。2021年12月17日に中小機構主催の起業家表彰「第21回JapanVentureAwards（略称：JVA）」で中小企業庁長官賞を受賞している。詳しくは中小機構のニュースリリースへ。認定革新的技術研究成果活用事業者であるWHILL（ウィル）株式会社の銀行借入に対する債務保証契約を締結シェアツイートLINEで送る中小企業NEWSトップへ戻る
https://j-net21.smrj.go.jp/news/d53v580000001k61.html,県民割、ブロック内に拡大,観光庁,支援,支援情報,2022-03-29,支援県民割、ブロック内に拡大：観光庁支援情報2022年3月29日観光庁は地域内観光を促す「県民割」支援について、4月1日から「関東」「近畿」など全国を6つに分けたブロック内の旅行まで対象を広げる。全ての「まん延防止等重点措置」が解除されたことを踏まえた措置で、都道府県間の同意を前提に、同一ブロックにある都道府県から来た旅行者に補助を出せるようにする。またこれまでは、ワクチンの2回接種などが条件だったが、3回接種などに条件を改める。県民割は1人1泊当たり5000円を上限に旅行商品代金の半額を割り引く制度。日帰り旅行も対象となり、1人1泊当たり最大2000円のクーポン券も補助する。当初は同一都道府県内での旅行のみが対象だったが、2021年11月から隣接都道府県からの旅行者も対象（旅行先または出発地の都道府県がレベル3となった場合は停止）となっていた。県民割支援の期間も今回、4月28日宿泊分（4月29日チェックアウト分）まで延長する。詳しくは観光庁のホームページへ。県民割支援（地域観光事業支援（需要創出））の運用変更についてシェアツイートLINEで送る中小企業NEWSトップへ戻る関連リンク新型コロナウイルス関連ニュース新型コロナウイルスに関連するニュースをまとめています。新型コロナウイルス関連（都道府県別）新型コロナウイルスに関する地域の補助金・助成金・融資の情報をまとめています。
https://j-net21.smrj.go.jp/news/d53v580000001obh.html,再エネ発電＆電動車導入に最大1億円,環境省,支援,"支援情報,SDGs,省エネ",2022-03-30,支援再エネ発電＆電動車導入に最大1億円：環境省支援情報SDGs省エネ2022年3月30日環境省は再生可能エネルギー発電設備と電気自動車などを同時購入し、地域住民向けにシェアリングする取り組みを支援する「再エネ×電動車の同時導入による脱炭素型カーシェア・防災拠点化促進事業」の補助金申請受付を始めた。自治体・民間企業の施設を災害拠点化し、充放電設備・外部給電器の導入に対しても同時に支援する。補助上限額は総額で最大1億円。地方自治体の公⽤⾞や民間企業の社⽤⾞を再エネ発電設備導⼊とセットで電動化することで、移動の脱炭素化を図るとともに、地域住⺠の⾜として利⽤可能なシェアリングを実施するのが目的。補助率は車両が3分の1、再エネ発電設備は設備・工事とも2分の1。補助上限額は電気自動車が100万円、プラグインハイブリッド自動⾞は60万円。詳しくは環境省と、事業実施者の地域循環共生社会連携協会のホームページへ。「再エネ×電動車の同時導入による脱炭素型カーシェア・防災拠点化促進事業」補助金申請の受付開始の御案内について令和3年度（補正予算）二酸化炭素排出抑制対策事業費等補助金(再エネ×電動車の同時導入による脱炭素型カーシェア・防災拠点化促進事業)公募のお知らせシェアツイートLINEで送る中小企業NEWSトップへ戻る
https://j-net21.smrj.go.jp/news/d53v580000001o9m.html,DX推進による観光活性化に最大1億円,観光庁,支援,支援情報,2022-03-30,支援DX推進による観光活性化に最大1億円：観光庁支援情報2022年3月30日観光庁はデジタル技術を開発・活用し、観光地として売上増加・コスト削減・再来訪率向上（リピート化）による好循環な収益構造の実現を目指す「DXの推進による観光・地域経済活性化実証事業」の公募を始めた。地域内外の連携による多様な取り組み求めることから、中小企業などを含むコンソーシアムでの応募が基本。補助上限額は1億円で、申請期限は4月25日。具体的には、地域内・地域間・事業者間のデータやシステムの連携に加え、オンライン配信技術を活用した新たなコミュニケーション戦略による来訪需要の創出、XRや5Gを活用した魅力的な体験型コンテンツ造成による現地での体験価値の向上など、地域関係者が一体となり観光地経営の改善に取り組む提案を求めている。詳しくは観光庁のホームページへ。「DXの推進による観光・地域経済活性化実証事業」の公募を開始しますシェアツイートLINEで送る中小企業NEWSトップへ戻る
https://j-net21.smrj.go.jp/news/d53v580000003c3a.html,省CO2型設備導入に最大5000万円,環境省,支援,"支援情報,SDGs,省エネ",2022-04-01,支援省CO2型設備導入に最大5000万円：環境省支援情報SDGs省エネ2022年4月1日環境省と環境イノベーション情報機構は、二酸化炭素（CO2）の削減量に応じた省CO2型設備の導入を支援する「二酸化炭素排出抑制対策事業費等補助金（グリーンリカバリーの実現に向けた中小企業等のCO2削減比例型設備導入支援事業）」の公募を始めた。補助上限額はCO2削減量診断事業が50万円、省CO2型設備等導入事業は5000万円。公募期限は診断事業が5月6日、導入事業は第1次が4月22日、第2次は8月5日。補助事業は、事後に省CO2型設備を導入することを前提に工場・事業場のCO2排出削減余地の事前診断を新たに実施する「診断事業」と、実施済みのCO2排出削減診断結果または新たに実施した診断結果に基づき省CO2型設備を導入する「導入事業」の2種類。対象とする機器・設備は空調システム、冷却水システム、照明設備、受変電・配電設備、電動機・ポンプ・ファン、工業炉、冷凍・冷蔵設備、排水処理設備、昇降設備など。詳しくは環境省、環境イノベーション情報機構のホームページへ。令和3年度二酸化炭素排出抑制対策事業費等補助金（グリーンリカバリーの実現に向けた中小企業等のCO2削減比例型設備導入支援事業）の公募開始について【公募のお知らせ】令和3年度補正予算グリーンリカバリーの実現に向けた中小企業等のCO2削減比例型設備導入支援事業シェアツイートLINEで送る中小企業NEWSトップへ戻る
https://j-net21.smrj.go.jp/news/d53v580000003f8o.html,ICT建機の認定制度説明会,国交省,イベント,支援情報,2022-04-06,イベントICT建機の認定制度説明会：国交省支援情報2022年4月6日国土交通省は2022年度から導入する「ICT建設機械認定制度」の説明会を4月25日にオンラインで開催する。同認定制度はICT（情報通信技術）施工の中小企業への普及を加速させるため、後付けで装着する機器を含めて必要な機能を持つ建設機械を認定し、その活用を支援する制度。時間は13時30分～14時30分。参加は4月15日までに申し込む。ICT施工は全地球測位システム（GPS）やドローンなどを含むICTを活用して、建設現場の生産性や安全性、品質の向上を目的としたシステム。ICT建設機械（バックホウ、ブルドーザ、振動ローラなど）はICT施工の核となる機械で、認定を受けた機械は精度確認試験の資料提出を不要とするなど書類作成の簡素化を可能にする。詳しくは国交省のホームページへ。ICT建設機械認定制度の説明会を実施しますシェアツイートLINEで送る中小企業NEWSトップへ戻る
https://j-net21.smrj.go.jp/news/d53v580000003iot.html,地域経済を牽引する事業に取り組む企業を動画で紹介,静岡県,支援,支援情報,2022-04-11,支援地域経済を牽引する事業に取り組む企業を動画で紹介：静岡県支援情報2022年4月11日静岡県は、「ふじのくに7つの産業革命」と題して、県の地域経済を牽引する事業に取り組む企業21社（3月末時点）を動画で紹介している。県では、成長ものづくり、農林水産、第4次産業革命、観光、スポーツ、環境・エネルギー、ヘルスケア産業の7つの分野で、豊かな社会を目指し、地域の特性や新技術を生かして成長性の高い新たな分野に挑戦する企業を「地域経済牽引企業」として紹介しており、動画紹介はその一環。動画で紹介されている企業は次のとおり（50音順）。エステック▽おさだ製茶▽春日製紙工業▽金子歯車工業▽三立製菓▽サンワネッツ▽静岡オーガニック抹茶▽静岡ガス▽シノミヤ▽芝原工業▽SPLYZA▽西光エンジニアリング▽竹屋旅館▽田子の月▽天間特殊製紙▽羽立化工▽羽立工業▽平垣製作所▽フクダサインボード▽増田工業▽丸富製紙詳しくは「ふじのくに7つの産業革命」のホームページへ。ふじのくに7つの産業革命シェアツイートLINEで送る中小企業NEWSトップへ戻る
https://j-net21.smrj.go.jp/news/d53v580000003mrz.html,4月18日は「発明の日」,十大発明家を紹介,イベント,支援情報,2022-04-14,イベント4月18日は「発明の日」：十大発明家を紹介支援情報2022年4月14日特許庁は4月18日の「発明の日」を記念して、ユーチューブ動画「ここがすごいぞ！日本の十大発明家」を作成した。「日本の十大発明家」である豊田佐吉（木製人力織機）、御木本幸吉（養殖真珠）、鈴木梅太郎（ビタミンB1）の3人について、その功績や発明に至ったエピソードを、現職の特許審査官が紹介している。また4月13日から東京・霞が関の特許庁庁舎1階で、パネル展示「イノベーションに寄与した日本の発明」「子ども発明家に聞きました！」を開いている。デンソーウェーブの「QRコード」、パナソニックの「食器洗い乾燥機」、ユーグレナの「微細藻類の培養技術」、小林製薬の「冷却ジェルシート」などを展示した。「発明の日」は、1885年（明治18年）4月18日に初代特許庁長官を務めた高橋是清らが現在の特許法の前身である「専売特許条例」を公布し、日本の特許制度が始まったのを記念して、1954年（昭和29年）に決定した。十大発明家は専売特許条例の公布100周年を記念し、1985年（昭和60年）に選定したもので、このほかに高峰譲吉（アドレナリン）、八木秀次（八木アンテナ）、本多光太郎（KS鋼）らが選ばれている。詳しくは特許庁、経産省のホームページへ。4月18日は「発明の日」です（特許庁）発明の日を記念して、パネル展示と動画公開を行います（経済産業省）シェアツイートLINEで送る中小企業NEWSトップへ戻る
https://j-net21.smrj.go.jp/news/d53v580000003mq4.html,知財功労賞受賞者を決定,特許庁,イベント,支援情報,2022-04-14,イベント知財功労賞受賞者を決定：特許庁支援情報2022年4月14日特許庁は日本の知的財産権制度の発展・普及・啓発に貢献した個人と知的財産権制度を積極的に活用した企業を表彰する｢知財功労賞｣の2022年度受賞者を決定した。経済産業大臣表彰として個人1人と企業など7者、特許庁長官表彰として個人4人と企業など14者が受賞した。「発明の日」の4月18日14時から、赤坂インターシティコンファレンス（東京都港区）で表彰式を行う。このうち経済産業大臣表彰は、個人が早稲田祐美子氏（東京六本木法律特許事務所パートナー弁護士）、企業などは学校法人金沢工業大学（石川県）、理研興業（北海道）、セガ（東京都）、TBM（東京都）、ピクシーダストテクノロジーズ（東京都）、国立大学法人東京医科歯科大学（東京都）、八幡ねじ（愛知県）が受賞した。詳しくは経済産業省のホームページへ。令和4年度｢知財功労賞｣の受賞者を決定しましたシェアツイートLINEで送る中小企業NEWSトップへ戻る
https://j-net21.smrj.go.jp/news/d53v580000003mas.html,日野自動車の生産停止で相談窓口,経産省、中小機構,支援,支援情報,2022-04-14,支援日野自動車の生産停止で相談窓口：経産省、中小機構支援情報2022年4月14日経済産業省は、日野自動車の一部生産停止により影響を受ける中小企業・小規模事業者を対象に、資金繰りに関する相談を受け付ける特別相談窓口を設置し、公的金融機関による資金繰り支援を実施する。排ガス性能や燃費の試験で不正を繰り返していた日野自動車に対して、国土交通省が道路運送車両法に基づき4種類のエンジンの型式指定を取り消し、これらのエンジンを搭載したトラック・バスの生産が停止することを受けた措置。特別相談窓口は日本政策金融公庫、商工中金、商工会議所、都道府県商工会連合会、中小機構地域本部、地方経済産業局などに「日野自動車サプライチェーン関連中小企業支援対策特別相談窓口」を設置。日野自動車の一部生産停止により影響を受ける中小企業・小規模事業者を対象として資金繰りなどに関する相談を受け付ける。また日野自動車と直接・間接的に一定程度の取引を行っており、一定の売り上げが減少することが見込まれる中小企業・小規模事業者を対象に、一般保証とは別枠の限度額で融資額の100％を保証するセーフティネット保証2号を発動する。日野自動車は排ガス性能耐久試験の途中でマフラーを交換したり、燃費測定試験で設定を操作したりするなど不正を繰り返し、虚偽のデータを国交省に提出していた。1951年の法施行以来、初めてというエンジンの型式指定取り消しを受け、今後、これらのエンジンを搭載したトラック・バスの出荷はできなくなる。詳しくは経産省、中小機構のホームページへ。日野自動車の一部生産停止により影響を受ける中小企業・小規模事業者対策を行います日野自動車の一部生産停止により影響を受ける中小企業・小規模事業者対策についてシェアツイートLINEで送る中小企業NEWSトップへ戻る
https://j-net21.smrj.go.jp/news/d53v580000003m8x.html,高校生向けに消費者教室,北海道経産局,イベント,支援情報,2022-04-14,イベント高校生向けに消費者教室：北海道経産局支援情報2022年4月14日北海道経済産業局は北海道内の高校生を対象とした「消費者教室」をオンラインで実施する。4月から成年年齢が20歳から18歳へと引き下げとなったほか、近年SNSやインターネットを利用した取引によるトラブルが若年層を中心に増加傾向にあるため。授業時間は9時～20時のうち45分～60分程度。実施を希望する高等学校（全日制、定時制）は、希望日の2週間前までに申し込む。契約行為や悪質な商取引などについて理解し、将来の消費者トラブルを未然に防止することが目的。内容は「契約とは何か？身の回りにある契約について」「特に成人となったばかりの若者が陥りやすいトラブル事例を紹介」「悪質商法の被害にあわないための心構えや相談窓口について」「クレジットカードの仕組みや利用する場合の注意点について」。詳しくは北海道経産局のホームページへ。2022年4月から成年年齢が18歳に引き下げられましたシェアツイートLINEで送る中小企業NEWSトップへ戻る
https://j-net21.smrj.go.jp/news/d53v580000003nky.html,第10回ロボット大賞を募集,経産省など,イベント,支援情報,2022-04-15,イベント第10回ロボット大賞を募集：経産省など支援情報2022年4月15日経済産業省と日本機械工業連合会は「第10回ロボット大賞」（総務省、文部科学省、厚生労働省、農林水産省、国土交通省共催）の募集を始めた。一次審査（書類審査）と二次審査（現地調査、プレゼンテーション審査）を経て、今秋をめどに経済産業大臣賞、総務大臣賞などの各大臣賞、中小・ベンチャー企業賞（中小企業庁長官賞）、日本機械工業連合会会長賞、優秀賞、審査員特別賞の各賞を決定する。応募締切は6月3日。「ロボット大賞」はロボットの先進的な活用や研究開発、人材育成など様々な分野で優れた取り組みを実施した企業を表彰する制度。2006年度に第1回を開催、2008年度からは隔年で開催し、今回が10回目の開催となる。「ものづくり」「サービス」「ICT利活用」「介護・医療・健康」「インフラ・災害対応・建設」「農林水産業・食品産業」の計6分野で、「ビジネス・社会実装」「ロボット応用システム」などの計7部門を表彰対象に、取り組みを募集する。詳しくは経産省のホームページへ。「第10回ロボット大賞」の募集を開始しますシェアツイートLINEで送る中小企業NEWSトップへ戻る
https://j-net21.smrj.go.jp/news/d53v580000003nj3.html,産業標準化事業表彰を募集,経産省,イベント,支援情報,2022-04-15,イベント産業標準化事業表彰を募集：経産省支援情報2022年4月15日経済産業省は国際標準化活動を始め、産業標準化や適合性評価活動に顕著な功績のあった人・組織を表彰する2022年度の「産業標準化事業表彰」の候補者の募集を始めた。有識者による「選考委員会」で審査を行った上で、10月の「産業標準化推進月間」で公表する。応募は5月11日まで。表彰は内閣総理大臣表彰、経済産業大臣表彰、産業技術環境局長表彰の3種類。内閣総理大臣表彰は国際標準化活動に率先して取り組み、極めて顕著な功績のあった方に対して表彰するもので、被表彰者は個人を対象として1人以内。経済産業大臣表彰の被表彰者は個人・組織を対象として25以内、産業技術環境局長表彰は同30以内。詳しくは経産省のホームページへ。令和4年度産業標準化事業表彰シェアツイートLINEで送る中小企業NEWSトップへ戻る
https://j-net21.smrj.go.jp/news/d53v580000003n40.html,観光EVバス活用でセミナー,内閣府,イベント,"支援情報,SDGs,省エネ",2022-04-15,イベント観光EVバス活用でセミナー：内閣府支援情報SDGs省エネ2022年4月15日内閣府沖縄総合事務局は「事業用CEVの活用モデル構築のためのオンラインセミナー～持続可能な地域交通の実現に向けて～」をテーマとしたオンラインセミナーを4月22日に開催する。電動バスなどの事業用CEV（クリーンエネルギー自動車）を観光振興や環境保護に活用したモデル構築を推進するため、先進事例などを紹介する。参加希望者は4月19日までに申し込む。時間は14時～16時20分。琉球大学の堤純一郎名誉教授が「沖縄における脱炭素社会実現のための運輸部門のチャレンジ」をテーマに基調講演。沖縄県内の企業による事例紹介として、JALJTAセールス神山和巳取締役執行役員が「やんばる電気バス事業を通じた地域循環共生圏の創出」、伊江島観光バスの山城克己代表取締役が「国内初の大型観光EVバス導入による観光産業との連携」をテーマに講演する。また沖縄総合事務局運輸部が支援策を紹介する。詳しくは沖縄総合事務局のニュースリリースへ。事業用CEVの活用モデル構築のためのオンラインセミナーシェアツイートLINEで送る中小企業NEWSトップへ戻る
https://j-net21.smrj.go.jp/news/d53v580000003qc9.html,機械振興賞の候補者募集,機械振興協会,イベント,"商品開発・市場開拓,支援情報",2022-04-19,イベント機械振興賞の候補者募集：機械振興協会商品開発・市場開拓支援情報2022年4月19日機械振興協会は優れた開発や実用化、開発の支援活動を通じて、機械産業技術の発展に寄与した企業・大学・研究機関・支援機関と開発・支援担当を表彰する「第57回機械振興賞」（経済産業省、中小機構など後援）の受賞候補者を募集する。優れた技術開発に対して経済産業大臣賞など各賞を贈呈するほか、優れた支援活動に対して中小企業基盤整備機構理事長賞を授与する。応募期間は5月31日まで。優れた技術開発については、このほか中小企業庁長官賞、機械振興協会会長賞、審査委員長特別賞を贈る。受賞者には記念楯と賞金を授与する。賞金額は経済産業大臣賞が80万円、中小企業庁長官賞は50万円、機械振興協会会長賞は30万円、審査委員長特別賞は20万円で、中小企業基盤整備機構理事長賞は30万円。厳正な審査の上、12月に受賞者を発表する予定だ。詳しくは機械振興協会のホームページへ。募集案内シェアツイートLINEで送る中小企業NEWSトップへ戻る
https://j-net21.smrj.go.jp/news/d53v580000003sz6.html,大阪・関西万博の成功に向けて連携推進協定を締結,中小機構と万博協会,イベント,"支援情報,SDGs",2022-04-21,イベント大阪・関西万博の成功に向けて連携推進協定を締結：中小機構と万博協会支援情報SDGs2022年4月21日中小機構は2025年に開催される日本国際博覧会(大阪・関西万博)の成功に向けて、2025年日本国際博覧会協会(万博協会)と相互連携を推進する協定を締結した。締結日は4月1日。協定では、大阪・関西万博開催に向けて機運を醸成するため、広報・普及活動などで相互協力する。また、大阪・関西万博が目指す「SDGs(持続可能な開発目標)達成への貢献」「日本の国家戦略Society(ソサエティ)5.0(狩猟社会、農耕社会、工業社会、情報社会に続く第5番目の未来社会)の実現」に向けて連携して推進する。中小機構は中小企業のSDGs普及やSDGsの考えに沿った活動の支援、イノベーションの促進に取り組んでいる。こうした実績や経験を積極的に活用して、大阪・関西万博が目指すSDGs達成とSociety5.0の実現に貢献する。詳しくは中小機構のニュースリリースへ。公益社団法人2025年日本国際博覧会協会との連携推進協定の締結についてシェアツイートLINEで送る中小企業NEWSトップへ戻る
https://j-net21.smrj.go.jp/news/d53v580000003tdx.html,最低賃金で要望,中小企業3団体,イベント,支援情報,2022-04-22,イベント最低賃金で要望：中小企業3団体支援情報2022年4月22日日本商工会議所、全国商工会連合会、全国中小企業団体中央会の中小企業3団体は4月21日、連名で「最低賃金に関する要望」を公表した。今年度の最低賃金審議にあたって（1）労使双方の代表が意見を述べる機会を設定し、経済情勢や賃上げの状況などを十分に反映したものとすべき（2）中小企業・小規模事業者の経営実態を十分に考慮するとともに、各種指標・データによる明確な根拠のもとで納得感のある水準を決定すべき—の2点を政府に対して強く要望している。最低賃金については、生産性向上や取引適正化を通じた各企業による自発的な賃上げが期待されている。しかし近年、中小・小規模事業者の経営実態が十分に考慮されないまま、３％台の大幅な引上げが続いていた。コロナ禍の長期化や資源価格・原材料費の高騰により、先行きは予断を許さないことから、最低賃金の決定にあたっては、労使双方の十分な議論のもと、納得感のある水準を決定するよう求めた。詳しくは日商、全国連、全国中央会のホームページへ。「最低賃金に関する要望」について～中小企業・小規模事業者の経営実態を十分に考慮し、指標・データによる明確な根拠のもとで納得感のある水準の決定を～中小企業三団体連名による最低賃金に関する要望について中小企業三団体共同「最低賃金に関する要望」についてシェアツイートLINEで送る中小企業NEWSトップへ戻る関連リンク新型コロナウイルス関連ニュース新型コロナウイルスに関連するニュースをまとめています。新型コロナウイルス関連（都道府県別）新型コロナウイルスに関する地域の補助金・助成金・融資の情報をまとめています。
https://j-net21.smrj.go.jp/news/d53v580000003wdf.html,大型連休はサイバー攻撃にご注意,関係4省庁,支援,支援情報,2022-04-26,支援大型連休はサイバー攻撃にご注意：関係4省庁支援情報2022年4月26日経済産業省、総務省、警察庁、内閣官房内閣サイバーセキュリティセンターは、春の大型連休に向けてサイバーセキュリティ対策を強化するよう注意を喚起した。連休の間隙を突いたサイバー攻撃の懸念が高まるとともに、連休明けに電子メールの確認の量が増えることで偽装のチェックなどがおろそかになるといった感染リスクの高まりが予想され、あらためて対策を講じるよう要請した。サイバー攻撃対策については、すでに3月に関係4府省庁の連名で「現下の情勢を踏まえたサイバーセキュリティ対策の強化について」などの注意喚起を発出した。しかしその後も、ランサムウェアによるサイバー攻撃被害が国内外の様々な企業・団体で続いている。また、エモテットと呼ばれるマルウェアへの感染を狙う攻撃メールの巧妙化が進み、国内の企業・団体へ広く感染の被害が広がっている。詳しくは経産省のホームページへ。春の大型連休に向けて実施いただきたいサイバーセキュリティ対策について注意喚起を行いますシェアツイートLINEで送る中小企業NEWSトップへ戻る
https://j-net21.smrj.go.jp/news/d53v5800000041e6.html,適切な価格転嫁を要請,経産省,支援,支援情報,2022-05-02,支援適切な価格転嫁を要請：経産省支援情報2022年5月2日経済産業省は原材料価格やエネルギーコストの上昇に伴う適切な価格転嫁について、親事業者に対して、下請事業者に配慮するよう要請する文書を発出した。昨今のウクライナ情勢や原油価格高騰により影響を受ける中小企業・小規模事業者を支援するため。関係事業者団体約1700団体を通じ、経済産業大臣と公正取引委員会委員長の連名（他省庁所管業種団体は所管大臣も連名）による要請文書を発出した。同時に、親事業者と下請事業者との望ましい取引慣行の遵守を宣言した「パートナーシップ構築宣言」の宣言企業約8000社に対しても、経済産業大臣名の同趣旨の要請文書を発出した。物価高騰や資材不足を踏まえ、適切な価格転嫁や、サプライチェーン全体での効率的な生産活動の促進に関する配慮を親事業者に要請した。詳しくは経産省のホームページへ。原材料価格、エネルギーコスト等の上昇に係る適切な価格転嫁等に関する下請事業者等に対する配慮について経済産業大臣名の要請文書を発出しましたシェアツイートLINEで送る中小企業NEWSトップへ戻る
https://j-net21.smrj.go.jp/news/d53v5800000041cb.html,脱炭素で相談窓口,中小機構近畿,支援,"支援情報,SDGs,省エネ",2022-05-02,支援脱炭素で相談窓口：中小機構近畿支援情報SDGs省エネ2022年5月2日中小機構近畿本部は2日、温室効果ガスを実質的にゼロにする取り組みである「カーボンニュートラル」に関する相談窓口を開設すると発表した。SDGs（持続可能な開発目標）達成への貢献を目指す大阪・関西万博を控え、「脱炭素社会」の実現に向けた中小企業・小規模事業者の取り組みを支援するのが目的。相談日は月1回で、初回は5月11日に行う。カーボンニュートラルに関する豊富な知識・情報を持つ専門家を配置。例えば「どのように省エネ・カーボンニュートラルに取り組んだらいいのか分からない」「取引先から自社製品・工程のCO2排出量の開示を求められて困っている」「環境配慮型の取り組みのPR方法を知りたい」などの相談を無料で受ける。相談形態は近畿本部での対面、電話、オンライン会議システム（Zoom・MicrosoftTeams）の3種類。詳しくは中小機構のニュースリリースへ。中小機構近畿本部経営アドバイス（窓口相談）にカーボンニュートラル」相談窓口を新規に開設～「脱炭素社会」の実現に向けた企業のSDGsの取り組みをサポート～シェアツイートLINEで送る中小企業NEWSトップへ戻る
https://j-net21.smrj.go.jp/news/d53v5800000043ug.html,商店街の課題解決に専門家派遣,中企庁,支援,支援情報,2022-05-10,支援商店街の課題解決に専門家派遣：中企庁支援情報2022年5月10日中小企業庁は「商店街等における課題解決のための専門家派遣及びワークショップ」を実施する商店街組織・民間事業者を募集する。派遣された専門家から課題の深掘り・役割分担・スケジュール設定・資金調達の方法などについてアドバイスを受けながら、商店街が抱える課題を解決するための方向性を検討する。募集期間は5月31日まで。ワークショップは平均6回実施。複数人の専門家チームを派遣してアドバイスを受けながら、地域の目指す姿や課題の設定、取り組むべき内容の深掘り、役割分担などについて検討し、今後の取り組みを整理したアクションプランを作成する。選定されれば、ワークショップ実施のための事務局を設置し、参加者を募るとともに、ワークショップの企画・運営を行う。詳しくは中企庁のホームページへ。「商店街等における課題解決のための専門家派遣及びワークショップ」に係る参加地域の募集を開始します(令和4年度外部人材活用・地域人材育成事業)シェアツイートLINEで送る中小企業NEWSトップへ戻る
https://j-net21.smrj.go.jp/news/d53v5800000043sl.html,商店街づくりのノウハウ集,中企庁が公表,支援,支援情報,2022-05-10,支援商店街づくりのノウハウ集：中企庁が公表支援情報2022年5月10日中小企業庁は「地域の持続可能な発展に向けた商店街づくりのノウハウ集」をまとめ、公表した。少子高齢化やネットショップの拡大、コロナ禍による新しい生活様式の浸透などにより、商店街を取り巻く環境は大きく変化しており、商店街を活性化するためにはどうしたらよいかを、全国の先進的な事例を交えて分析、紹介している。まず商店街を取り巻く環境や消費者ニーズ、商店街の強み・弱みなどの現状分析のためのプロセスや手法を記載。その上で、個別の商店街のありたい姿を描く手法を記載し、活性化に向けた組織体制や人材の在り方を提示した。さらには（1）新規創業・出店を促進する（2）これまでにない機能を取り入れる（3）にぎわいをつくる（4）ブランディングを行う（5）効果的な情報発信を行う—などの具体策を、資金確保、効果検証の手法とともに明示した。詳しくは中企庁のホームページへ。令和3年度外部人材活用・地域人材育成事業「地域の持続可能な発展に向けた商店街づくりのノウハウ集」を公表しますシェアツイートLINEで送る中小企業NEWSトップへ戻る
https://j-net21.smrj.go.jp/news/l357tf00000004aj.html,気候変動緩和策でセミナー,経産省,イベント,"支援情報,SDGs,省エネ",2022-05-13,イベント気候変動緩和策でセミナー：経産省支援情報SDGs省エネ2022年5月13日経済産業省は「気候変動に関する政府間パネル」（IPCC）の報告書について議論するシンポジウム「IPCC第6次評価報告書から気候変動緩和策の最新知見を学ぶ」を5月19日にイイノホール（東京都千代田区）で開催する。第6次評価報告書第3作業部会報告書の全体取りまとめを担当したIPCC第三作業部会共同議長のJimSkea博士と国内執筆者2人が講演する。オンライン参加も選べる。時間は13時～17時10分。国内の執筆者で講演するのは、地球環境産業技術研究機構の秋元圭吾主席研究員と、森林研究・整備機構の森田香菜子主任研究員。講演に引き続き、手塚宏之JFEスチール専門主監、林礼子BofA証券副社長、山下ゆかりエネルギー経済研究所常務理事、米川隆仁三菱重工エンジニアリング脱炭素事業推進室次長らが加わり、「IPCC第6次評価報告書に基づいてグローバルな緩和に短・中長期的にどう取り組むか」をテーマにパネル討論する。詳しくは経産省のホームページへ。IPCCシンポジウム「IPCC第6次評価報告書から気候変動緩和策の最新知見を学ぶ」を開催しますシェアツイートLINEで送る中小企業NEWSトップへ戻る
https://j-net21.smrj.go.jp/news/l357tf000000047c.html,データセンターの省CO2化に最大10億円,環境省,支援,"支援情報,SDGs,省エネ",2022-05-13,支援データセンターの省CO2化に最大10億円：環境省支援情報SDGs省エネ2022年5月13日環境省と地域循環共生社会連携協会は、データセンターのゼロエミッション（CO2ゼロ）化・レジリエンス（回復力）強化を支援する「二酸化炭素排出抑制対策事業費等補助金（データセンターのゼロエミッション化・レジリエンス強化促進事業）」の公募を始めた。補助率は対象経費の2分の1、補助上限額は最大10億円。公募実施期間は6月1日まで。事業は4種類あり、データセンターの新設に必要な再エネ・蓄エネ設備の導入及び空調設備の省CO2型設備を導入する「新設事業」は、補助上限額が10億円。既存データセンターへの再エネ・蓄エネ設備の導入及び空調設備の省CO2型設備への「改修事業」は同3億円。データセンターにあるサーバーを、より省CO2性能が高い東京圏以外に立地するデータセンターに移設する「移設事業」は同1億円。コンテナ型データセンターの導入事業は同3億円となっている。詳しくは環境省と地域循環共生社会連携協会のホームページへ。二酸化炭素排出抑制対策事業費等補助金（データセンターのゼロエミッション化・レジリエンス強化促進事業）の公募開始について一般社団法人地域循環共生社会連携協会シェアツイートLINEで送る中小企業NEWSトップへ戻る
https://j-net21.smrj.go.jp/news/l357tf000000045a.html,廃棄物エネの有効活用に補助金,環境省,支援,"支援情報,SDGs,省エネ",2022-05-13,支援廃棄物エネの有効活用に補助金：環境省支援情報SDGs省エネ2022年5月13日環境省と廃棄物・3R研究財団は、高効率な廃熱エネルギー回収や廃棄物燃料製造の廃棄物処理設備を導入して地元自治体と災害廃棄物受入れに関する協定を結ぶ企業を支援する「廃棄物処理×脱炭素化によるマルチベネフィット達成促進事業（うち廃棄物エネルギーの有効活用によるマルチベネフィット達成促進事業）」の公募を始めた。補助率は3分の1以内。公募実施期間は5月30日まで。事業は3種類あり、「廃棄物高効率熱回収事業」は廃棄物処理に伴う廃熱を有効利用する施設（高熱量の廃棄物の受入量増加に係る設備を含む）の設備設置・改良を行う事業。「廃棄物燃料製造事業」は廃棄物燃料製造施設（固形燃料化・油化・メタン化・RPF化など）の設備設置・改良を行うもので、「廃棄物燃料受入事業」は廃棄物燃料を受け入る際に必要な設備設置・改良を行う事業となっている。詳しくは環境省と廃棄物・3R研究財団のホームページへ。令和4年度廃棄物処理×脱炭素化によるマルチベネフィット達成促進事業（うち廃棄物エネルギーの有効活用によるマルチベネフィット達成促進事業）の公募について令和4年度廃棄物エネルギーの有効活用によるマルチベネフィット達成促進事業の公募についてシェアツイートLINEで送る中小企業NEWSトップへ戻る
https://j-net21.smrj.go.jp/news/l357tf00000008wy.html,ウクライナ情勢で情報交換会,北海道経産局など,イベント,支援情報,2022-05-18,イベントウクライナ情勢で情報交換会：北海道経産局など支援情報2022年5月18日北海道経済産業局と北海道は、ウクライナ情勢による道内への影響に関する情報交換会を5月26日にオンラインで開催する。ロシアビジネスに関わる道内企業の現状や課題、行政機関・団体の支援制度などの情報を提供する。時間は14時～15時40分。参加希望者は5月23日までに申し込む。まず「ロシア経済の現況と見通し」をテーマに、北海道大学スラブ・ユーラシア研究センターの田畑伸一郎教授が講演する。続いて「ビジネスの現状・課題と対応」について、北海道、北海道商工会議所連合会、日本貿易振興機構北海道貿易情報センター（ジェトロ北海道）が解説する。さらに北海道経産局と北海道が、経済産業省と道の各種支援策を説明する。詳しくは北海道経産局のホームページへ。ウクライナ情勢の影響に関する情報交換会を開催しますシェアツイートLINEで送る中小企業NEWSトップへ戻る
https://j-net21.smrj.go.jp/news/l357tf00000008gj.html,海外展開支援の在り方を議論,関東経産局,イベント,"支援情報,海外展開",2022-05-18,イベント海外展開支援の在り方を議論：関東経産局支援情報海外展開2022年5月18日関東経済産業局は中堅・中小企業の海外展開の在り方の変化に対応し、グローバル価値共創ウェビナー「共創パートナーとしての日本を目指して」を5月30日にオンラインで開催する。対象は自治体、金融機関、商工会議所・商工会、支援サービスを提供する民間企業など、海外展開関連の支援機関。時間は14時～16時。定員は300人で、事前登録制。まず「共創パートナーとしての日本に求められること」をテーマに、東京大学社会科学研究所の伊藤亜聖准教授が基調講演する。次に関東経済産業局が実施したグローバル価値共創調査事業を報告し、地域支援機関に対して今後の支援の新たな方向性について提案する。またポーラスタースペースの川口真史最高マーケティング責任者が「新興国での価値共創事業への挑戦」と題して講演した後、国際協力機構（JICA）や日本貿易振興機構（ジェトロ）の関係者らも加わり、パネル討論する。詳しくは関東経産局のホームページへ。グローバル価値共創ウェビナーを開催しますシェアツイートLINEで送る中小企業NEWSトップへ戻る
https://j-net21.smrj.go.jp/news/l357tf00000008eo.html,国産小麦の安定供給に最大3億円,農水省,支援,支援情報,2022-05-18,支援国産小麦の安定供給に最大3億円：農水省支援情報2022年5月18日農林水産省は国産小麦を新たに一定数量保管し、安定供給体制の強化に取り組む者を補助する「国産小麦供給円滑化事業のうち国産小麦安定供給強化対策」の公募を始めた。北米産小麦の不作に加え、ロシアのウクライナ侵攻により供給懸念が高まったことに対応する。補助上限額は1計画当たり3億円で、補助率は2分の1以内。6月10日まで申請を受け付ける。補助対象経費は保管施設、その附帯設備、保管施設の整備と一体的に整備される処理加工施設の整備。小麦や大麦などの国際価格は、高い水準で不安定な動きとなっている。これに対し、輸入依存度の高い小麦の国際価格高騰の影響を緩和しつつ、輸入依存度を下げる観点から、豊凶変動に対応し、凶作時でも安定して供給できる体制づくりを支援することにした。詳しくは農水省のホームページへ。令和4年度国産小麦供給円滑化事業のうち国産小麦安定供給強化対策の公募の実施についてシェアツイートLINEで送る中小企業NEWSトップへ戻る
https://j-net21.smrj.go.jp/news/l357tf00000008cl.html,自立・分散エネ導入に最大10億円,環境省,支援,"支援情報,SDGs,省エネ",2022-05-18,支援自立・分散エネ導入に最大10億円：環境省支援情報SDGs省エネ2022年5月18日環境省と地域循環共生社会連携協会は、自立・分散型地域エネルギーシステムや温泉熱の利活用に取り組む民間企業などを補助する「地域の再エネ自給率向上やレジリエンス強化を図る自立・分散型地域エネルギーシステム構築支援事業」と「温泉熱等利活用による経済好循環・地域活性化促進事業」の公募を始めた。公募実施期間は6月8日まで。公募対象事業は3種類あり、「地域の再エネ自給率向上やレジリエンス強化を図る自立・分散型地域エネルギーシステム構築支援事業」は太陽光発電設備、蓄電池、太陽熱利用設備、蓄熱槽、ガスコージェネレーションシステム、車載型蓄電池、充放電設備などを導入する事業。補助率は3分の2、補助上限額は10億円。すでに計画策定事業を終了した事業が対象となる。「温泉熱等利活用による経済好循環・地域活性化促進事業」は温泉熱等を利活用し、地域単位でバイナリー発電や熱利用を行う事業。計画策定の補助率は4分の3（上限1000万円）、設備導入は同3分の2（同3億円）。「温泉供給設備高効率化改修による省CO2促進事業」は温泉供給設備を更新・改修してエネルギーの高効率化を図る事業。計画策定の補助率は4分の3（上限1000万円）、設備導入は同2分の1（金額は独自算定式による）。詳しくは環境省と地域循環共生社会連携協会のホームページへ。令和4年度二酸化炭素排出抑制対策事業費等補助金（脱炭素イノベーションによる地域循環共生圏構築事業）のうち、「地域の再エネ自給率向上やレジリエンス強化を図る自立・分散型地域エネルギーシステム構築支援事業」及び「温泉熱等利活用による経済好循環・地域活性化促進事業」の公募開始について令和4年度二酸化炭素排出抑制対策事業費等補助金（脱炭素イノベーションによる地域循環共生圏構築事業）地域の再エネ自給率向上やレジリエンス強化を図る自立・分散型地域エネルギーシステム構築支援事業及び温泉熱等利活用による経済好循環・地域活性化促進事業公募のお知らせシェアツイートLINEで送る中小企業NEWSトップへ戻る
https://j-net21.smrj.go.jp/news/l357tf00000009m1.html,「女性しごと応援キャラバン」都内50カ所でセミナー開催,東京都,イベント,支援情報,2022-05-19,イベント「女性しごと応援キャラバン」都内50カ所でセミナー開催：東京都支援情報2022年5月19日東京都は、「コロナ解雇」など苦境に立たされている女性を支援するため、「女性しごと応援キャラバン」を開始する。都内の各区市町村50カ所でキャラバン型のセミナー・就職相談会を実施する計画で、6月には千代田区など都内4カ所で行われる。参加無料。求職中の女性であれば誰でも参加できる。セミナーは各回2時間。仕事探しに先立ち必要となる自己理解を深める内容や、コロナ禍での仕事探しに役立つ情報提供など、多様なテーマで展開。受講後、希望者には就職支援アドバイザーによるキャリアカウンセリングを提供し、早期の就職実現や中長期的なキャリアプランを提案する。イベント中は託児（生後6カ月～未就学児）にも対応する（定員10人程度）。また、6月開催のセミナーは▽6月14日＝千代田区・TKP東京駅大手町カンファレンスセンター▽16日＝立川市・ホテル日航立川東京▽21日＝新宿区・TKP新宿西口カンファレンスセンター▽30日＝八王子市・京王プラザホテル八王子—の4回で、すでに受け付けが始まっている。詳しくは「女性しごと応援キャラバン」専用ホームページへ。女性しごと応援キャラバンシェアツイートLINEで送る中小企業NEWSトップへ戻る
https://j-net21.smrj.go.jp/news/l357tf0000000c3e.html,功労者41人に感謝状贈呈、中小企業応援士41人を新たに委嘱,中小機構,支援,支援情報,2022-05-23,支援功労者41人に感謝状贈呈、中小企業応援士41人を新たに委嘱：中小機構支援情報2022年5月23日中小機構は23日、令和4年度の功労者感謝状の贈呈と「中小企業応援士」の委嘱を発表した。功労者感謝状は、中小機構と連携しながら、中小企業・小規模事業者の活躍と地域の発展に顕著な貢献をしてきた各地の経営者や中小企業支援機関に感謝の意を表するもので、今年度は41人に贈呈する。感謝状贈呈は令和元年度から実施され、今回が4回目。贈呈者数の累計は266人となる。中小機構は、感謝状を贈呈した経営者らとともに、引き続き中小企業・小規模事業者の活躍と地域の発展に貢献していく。一方、中小企業応援士は新たに41人に委嘱した。今回の委嘱により全国で計232人が中小企業応援士として活動することになる。中小企業応援士は令和元年度に創設された制度。中小企業・小規模事業者の活躍と地域の発展に顕著な功労のあった各地の経営者や地域支援機関の代表者らに委嘱し、さまざまな課題を抱える中小企業・小規模事業者を応援する。中小機構は、230人を超える体制となった中小企業応援士とともに地域に根差した支援の取り組みを一層強化していく。詳しくは、中小機構のプレスリリースへ。～中小企業の活躍及び地域の発展に貢献～令和4年度功労者感謝状の贈呈について（PDF：270KB）令和4年度中小企業応援士」の委嘱について～全国230名を超える体制により中小企業を支える取組みを一層強化～（PDF：269KB）シェアツイートLINEで送る中小企業NEWSトップへ戻る
https://j-net21.smrj.go.jp/news/l357tf0000000g2q.html,鉄道の省エネ化に補助金,環境省,支援,"支援情報,SDGs,省エネ",2022-05-26,支援鉄道の省エネ化に補助金：環境省支援情報SDGs省エネ2022年5月26日環境省と地域循環共生社会連携協会は、鉄軌道分野の省エネ・省CO2化を進めることを目的とした「鉄道事業等におけるネットワーク型低炭素化促進事業」の公募を始めた。補助事業は「車両新造」「車両省エネ」「回生電力」の3種類があり、中小事業者の補助率はすべて2分の1以下。公募期間は6月15日まで。補助事業は（1）軽量化等により40％以上のCO2削減効果が見込まれる「車両新造」（2）車両への省エネ設備の導入により40％以上のCO2削減効果が見込まれる「車両省エネ」（3）回生電力の有効活用に資する設備を整備する「回生電力」—の3事業。中小事業者は全事業、公営事業者と準大手民鉄などは車両省エネの一部事業と2事業、JRと大手民鉄各社は回生電力事業のみ申請できる。詳しくは環境省と地域循環共生社会連携協会のホームページへ。令和4年度脱炭素イノベーションによる地域循環共生圏構築事業のうち、鉄道事業等におけるネットワーク型低炭素化促進事業の公募について令和4年度二酸化炭素排出抑制対策事業費等補助金（脱炭素イノベーションによる地域循環共生圏構築事業）のうち、交通システムの低炭素化と利用促進に向けた設備整備事業（鉄道事業等におけるネットワーク型低炭素化促進事業）公募のお知らせシェアツイートLINEで送る中小企業NEWSトップへ戻る
https://j-net21.smrj.go.jp/news/l357tf0000000fs6.html,中小企業憲章・魅力発信月間でイベント,中同協,イベント,支援情報,2022-05-26,イベント中小企業憲章・魅力発信月間でイベント：中同協支援情報2022年5月26日中小企業家同友会全国協議会（中同協）は、例年6月に実施してきた「中小企業憲章・条例推進月間」のキックオフと、昨年7月に実施した「中小企業魅力発信月間」のキックオフを合わせた行事（中小企業庁、中小機構後援）を6月3日にオンラインで開催する。中小企業の存在意義と魅力を広く伝えることが目的。時間は13時～17時。参加費は無料で、参加規模は1000人。まず「中小企業の存在価値の発揮は地域の総合力強化の要」をテーマに、慶応義塾大学の植田浩史教授が基調講演する。これに続き、EVENTOS（広島市中区）の川中英章代表取締役が「積極果敢な経営で未来に希望の持てる地域をつくる」、吉村（東京都品川区）の橋本久美子代表取締役社長が「業界支援で日本茶の未来を拓く」、平野（愛媛県今治市）の松田泰幸代表取締役が「薬局が取り組むSDGs」と題して、それぞれ事例を報告する。2019年に政府は7月20日を「中小企業の日」、7月の1カ月間を「中小企業魅力発信月間」として、中小企業・小規模事業者の魅力発信に関するイベントを官民で集中的に実施することを決めた。詳しくは中同協のホームページへ。【22.04.25】中小企業憲章・条例推進月間、中小企業魅力発信月間キックオフ行事を開催しますシェアツイートLINEで送る中小企業NEWSトップへ戻る
https://j-net21.smrj.go.jp/news/l357tf0000000fqb.html,プラスチック資源循環に補助金,経産省,支援,"支援情報,SDGs,省エネ",2022-05-26,支援プラスチック資源循環に補助金：経産省支援情報SDGs省エネ2022年5月26日経済産業省と日本有機資源協会は、プラスチック資源循環を実施するために必要な機器・設備の導入を補助する「廃プラスチックの資源循環高度化事業費補助金」の公募を始めた。補助対象経費は設計費、設備費、工事費などで、補助率は対象経費の2分の1以内（中小企業以外は3分の1以内）。6月16日まで応募を受け付ける。補助対象事業は（1）プラスチック使用製品の設計・製造に当たって、環境配慮設計に取り組む企業の設備投資（2）ワンウェイプラスチックの製造・提供に当たって、ワンウェイプラスチックの使用の合理化に取り組む企業の実証や設備投資（3）廃プラスチックの高度選別・基礎化学品へのケミカルリサイクル・高物性再生材へのマテリアルリサイクルを実証するために必要となる設備投資—を挙げている。詳しくは日本有機資源協会のホームページへ。廃プラスチックの資源循環高度化事業シェアツイートLINEで送る中小企業NEWSトップへ戻る
https://j-net21.smrj.go.jp/news/l357tf0000000m79.html,雇調金特例、9月末まで延長,厚労省,支援,支援情報,2022-06-02,支援雇調金特例、9月末まで延長：厚労省支援情報2022年6月2日厚生労働省は新型コロナウイルス感染症に係る雇用調整助成金・緊急雇用安定助成金、新型コロナウイルス感染症対応休業支援金・給付金の特例措置について、現在の6月末までの期限を9月末まで3カ月間延長することを決めた。厚生労働省令を改正して施行する。雇用調整助成金の特例措置は、コロナの感染拡大に伴い、2020年4月に導入され、延長を繰り返してきた。現在の従業員1人1日当たりの上限額は、生産指標が30％以上減少した事業主は1万5000円、それ以外の事業主は9000円となっている。厚労省のホームページへ。令和4年7月以降の雇用調整助成金の特例措置等についてシェアツイートLINEで送る中小企業NEWSトップへ戻る関連リンク新型コロナウイルス関連ニュース新型コロナウイルスに関連するニュースをまとめています。新型コロナウイルス関連（都道府県別）新型コロナウイルスに関する地域の補助金・助成金・融資の情報をまとめています。
https://j-net21.smrj.go.jp/news/l357tf000000171b.html,新エネ大賞の募集開始,新エネ財団,イベント,"支援情報,SDGs,省エネ",2022-06-07,イベント新エネ大賞の募集開始：新エネ財団支援情報SDGs省エネ2022年6月7日新エネルギー財団は2022年度「新エネ大賞」（経済産業省後援）の募集を開始した。新エネルギーに係る機器の開発、設備の導入、普及啓発、分散型エネルギーの活用、地域に根ざした導入の取り組みなどを公募し、厳正な審査の上、経済産業大臣賞、資源エネルギー庁長官賞、新エネルギー財団会長賞、審査委員長特別賞を贈呈する。募集期間は7月1日まで。募集対象部門は（1）商品・サービス部門（2）導入活動部門（3）分散型新エネルギー先進モデル部門（4）地域共生部門－の4部門。書類審査を通過した案件は申請者からヒアリング審査を実施。さらに必要と判断された場合、申請者と直接面談での現地調査を実施する。表彰式・プレス発表は2023年2月1日を予定。なお省エネルギーセンター主催の「省エネ大賞」と日本機械工業連合会主催の「優秀省エネ脱炭素機器・システム表彰」との同一年度の重複応募はできない。また両表彰で過去に経済産業大臣賞、資源エネルギー庁長官賞などを受賞した案件は、新エネ大賞で大臣賞、長官賞の候補とはしない。詳しくは新エネルギー財団のホームページへ。令和4年度「新エネ大賞」の募集開始シェアツイートLINEで送る中小企業NEWSトップへ戻る
https://j-net21.smrj.go.jp/news/l357tf00000016xl.html,ASEANでDX促進に最大5000万円,ジェトロ,支援,"支援情報,海外展開,DX",2022-06-07,支援ASEANでDX促進に最大5000万円：ジェトロ支援情報海外展開DX2022年6月7日日本貿易振興機構（ジェトロ）は、日本企業がASEAN（東南アジア諸国連合）企業・機関と連携し、デジタル技術を駆使して経済・社会課題解決を目指す取り組みを支援する「日ASEANにおけるアジアDX促進事業」の第3回公募を始めた。補助率は2分の1以内（大企業は3分の1以内）で、補助上限額は通常枠が2000万円（同1000万円）、特別枠は5000万円。6月30日に公募を締め切り、プレゼン審査を経て、20件程度を採択する予定。対象国はインドネシア、カンボジア、シンガポール、タイ、フィリピン、ブルネイ、ベトナム、マレーシア、ミャンマー、ラオスの10カ国。対象分野はサプライチェーン、交通・モビリティ、製造、物流、医療・介護、コロナ感染対策、カーボンニュートラル、農業、水産業など。対象事業要件として（1）実施対象国の抱える経済・社会課題解決が具体的に設定されている（2）デジタル技術などイノベーションを活用する事業（3）連携するASEAN企業・各種法人が決定している—などを挙げている。詳しくはジェトロのホームページへ。日ASEANにおけるアジアDX促進事業第3回公募の開始についてシェアツイートLINEで送る中小企業NEWSトップへ戻る
https://j-net21.smrj.go.jp/news/l357tf00000016dy.html,データセンター誘致に最大1000万円,経産省,支援,"支援情報,DX",2022-06-07,支援データセンター誘致に最大1000万円：経産省支援情報DX2022年6月7日経済産業省は民間事業者によるデータセンター拠点の立地・事業化を目指し、地方公共団体が行う事業化調査（FS）事業を支援する「産業技術実用化開発事業費補助金（データセンター地方拠点整備事業費補助金・データセンター事業実施可能性調査）」の募集を始めた。補助率は対象経費の2分の1以内、補助上限額は1000万円。公募期間は6月30日まで。国内データセンターの8割は東京圏と大阪圏に集中しており、地方分散化が目的。対象となるデータセンター拠点は10ヘクタール程度を目安とする。調査内容は、データセンター拠点の候補地に関する現況調査、再生可能エネルギーなどの非化石エネルギーの利用可能性、民間事業者がビジネスベースで重視する自然災害リスクや電力・通信インフラの整備に要する時間・費用の分析など。詳しくは経産省のホームページへ。令和3年度補正予算「産業技術実用化開発事業費補助金（データセンター地方拠点整備事業費補助金（データセンター事業実施可能性調査））」の補助事業者の公募についてシェアツイートLINEで送る中小企業NEWSトップへ戻る
https://j-net21.smrj.go.jp/news/l357tf000000197e.html,創立100周年サイトを開設,日商,イベント,支援情報,2022-06-10,イベント創立100周年サイトを開設：日商支援情報2022年6月10日日本商工会議所は「創立100周年記念特設サイト」を開設した。創立100周年を今年迎えるのを契機に、商工会議所の歴史や使命、未来へのビジョンを広く発信するとともに、各種記念事業のデジタルアーカイブ化が目的。現在は「日本商工会議所の100年のあゆみ」「記念講演会アーカイブ」のみ公開しているが、順次コンテンツを拡充する。今後、掲載する予定のコンテンツは、商工会議所のあゆみと活動（6月公開予定）、未来へ語り継ぐ日商（同）、全国商工会議所からのメッセージ（6月より順次公開予定）、商工会議所宣言（9月公開予定）、創立100周年記念映像（同）、特別対談（同）、創立100周年記念式典（10月公開予定）など。今年は100周年記念として、記念式典の開催や記念誌制作、オンライン記念講演会の開催など、さまざまな記念事業を実施する。詳しくは特設サイトへ。日本商工会議所創立100周年記念特設サイトシェアツイートLINEで送る中小企業NEWSトップへ戻る
https://j-net21.smrj.go.jp/news/l357tf0000001d21.html,7団体1氏を表彰,イノベーションネットアワード2022,イベント,支援情報,2022-06-15,イベント7団体1氏を表彰：イノベーションネットアワード2022支援情報2022年6月15日受賞者と関係者で記念撮影経済産業大臣賞を受賞した川崎市産業振興財団の木村廣道理事（写真左）日本立地センターと全国イノベーション推進機関ネットワークは6月14日、東京都千代田区のTKPガーデンシティ御茶ノ水で「第11回地域産業支援プログラム表彰」（イノベーションネットアワード2022）の表彰式を開催した。経済産業大臣賞を受賞した川崎市産業振興財団（川崎市幸区）など7団体の代表と、個人賞である全国イノベーション推進機関ネットワーク堀場雅夫賞を受賞した浅間リサーチエクステンションセンター（長野県上田市）の岡田基幸専務理事・センター長に賞状と記念品を贈呈した。同アワードは地域産業の振興・活性化を促進することを目的に、新事業・新産業を創出するための地域産業支援に関する優れた取り組みを表彰する制度。今回は地域産業支援プログラムに49件、個人賞の対象として地域産業支援者10件の応募があった。全国イノベーション推進機関ネットワーク堀場雅夫賞を受賞した岡田基幸氏（写真中央）全国イノベーション推進機関ネットワーク会長の岸輝雄新構造材料技術研究組合理事長は「対面形式の表彰式は2年ぶり。受賞した7件は極めて優れたプログラムだった」とあいさつした。審査委員長の原山優子東北大学名誉教授は、各受賞案件を講評した後、「受賞した案件をさらに進化させ、地域への普及に取り組んでほしい」と激励した。受賞事業は次の通り。【経済産業大臣賞】川崎市産業振興財団（シックケア社会からスマートライフケア社会への変革を目指すCOINSの『体内病院』プロジェクト）【文部科学大臣賞】熊本大学生命資源研究・支援センター（世界のゲノム科学を支援するゲノム編集動物に関する基盤技術開発の地域連携）【農林水産大臣賞】青森県産業技術センター（生産指導DXによる産地におけるブランド米の生産支援）【全国イノベーション推進機関ネットワーク会長賞】やさいバス（地域とつくる地産地消を推進する青果流通システム）【日本立地センター理事長賞】沖縄科学技術大学院大学（OISTスタートアップアクセラレータープログラム～OISTを核とした沖縄県におけるイノベーションエコシステムの実現）【優秀賞】信州大学（信州100年企業創出プログラム）【優秀賞】大阪信用金庫（強固なネットワークを活用した伴走型ソリューション）【全国イノベーション推進機関ネットワーク堀場雅夫賞】岡田基幸氏（浅間リサーチエクステンションセンター専務理事・センター長)シェアツイートLINEで送る中小企業NEWSトップへ戻る
https://j-net21.smrj.go.jp/news/l357tf0000001cw9.html,木材の安定確保に最大2000万円,国交省,支援,支援情報,2022-06-15,支援木材の安定確保に最大2000万円：国交省支援情報2022年6月15日国土交通省は、地域の中小工務店や木材関連事業者が協力して木材を安定的に確保するための先導的な取り組みを支援する「安定的な木材確保体制整備事業」の募集を始めた。事業は2種類あり、「安定的な木材確保の体制整備」の補助率は定額、「システム構築」の補助率は2分の1で、補助上限額は各1000万円。応募期間は7月5日まで。10件程度の採択を予定している。補助対象経費は「体制整備」が現況把握など必要な調査・整理、検討資料作成、検討内容とりまとめ、専門家への謝金、検討会の運営（会議室・機材のレンタルなど）、グループ関係者間で当面の需給情報をリアルタイムで共有するなど有効なシステムの大枠検討、検討結果のグループ内事業者向け説明会など、「システム構築」はシステム開発、サーバへの実装、マニュアル作成などを例示している。詳しくは国交省のホームページ、特設サイトへ。安定的な木材確保体制整備事業の公募を開始します安定的な木材確保体制整備事業シェアツイートLINEで送る中小企業NEWSトップへ戻る
https://j-net21.smrj.go.jp/news/l357tf0000001gsq.html,需要喚起策を全国に拡大,観光庁,支援,支援情報,2022-06-20,支援需要喚起策を全国に拡大：観光庁支援情報2022年6月20日観光庁は6月中の感染状況を見極めた上で、全国を対象とした需要喚起策を7月前半から実施する。実施期間は当面、お盆期間などの最繁忙期を除く8月末まで。国の支援事業として、支援水準は全国一律とする。これに伴い、現在実施中のいわゆる「県民割」は、7月14日宿泊分（7月15日チェックアウト分）まで延長する。割引率は40％で、割引上限額は交通付き（鉄道・バス・航空など）旅行商品は1泊当たり8000円、それ以外は5000円。旅行需要の分散の観点から、クーポン券は平日3000円、休日1000円とする。実施に際しては、都道府県と協議し、感染状況を踏まえて実施を希望しない都道府県から申し出があれば、当該都道府県を目的地とする旅行を支援対象から除外する。詳しくは観光庁のホームページへ。全国を対象とした観光需要喚起策の実施についてシェアツイートLINEで送る中小企業NEWSトップへ戻る関連リンク新型コロナウイルス関連ニュース新型コロナウイルスに関連するニュースをまとめています。新型コロナウイルス関連（都道府県別）新型コロナウイルスに関する地域の補助金・助成金・融資の情報をまとめています。
https://j-net21.smrj.go.jp/news/l357tf0000001gig.html,原材料高騰で関連対策説明会,農水省,イベント,支援情報,2022-06-20,イベント原材料高騰で関連対策説明会：農水省支援情報2022年6月20日農林水産省は燃油や原材料高騰が続く中、関連対策を周知するとともに、食料安全保障について意見交換するため、6月23日の農林水産省（東京都千代田区）7階講堂を皮切りに、全国10会場で順次、説明会を開催する。農林漁業者、食品事業者、関係団体、行政担当者などが対象で、それ以外の人は各会場ともオンラインで傍聴できる。内容は、原油価格・物価高騰等総合緊急対策、経済財政運営と改革の基本方針（骨太）、農林水産業・地域の活力創造プラン、食料の安定供給に関するリスクの検証結果、生産資材・穀物価格高騰をめぐる情勢。東京のほか、札幌市、仙台市、さいたま市、金沢市、名古屋市、京都市、岡山市、高松市、熊本市で、7月15日までに開催する。詳しくは農水省のホームページへ。生産資材・原材料高騰下における農林水産政策に関する地方説明会の開催及び参加者の募集についてシェアツイートLINEで送る中小企業NEWSトップへ戻る
https://j-net21.smrj.go.jp/news/l357tf00000029ri.html,冬季の観光振興に効果のあるコンテンツ造成に最大500万円,札幌市,支援,"商品開発・市場開拓,支援情報",2022-06-30,支援冬季の観光振興に効果のあるコンテンツ造成に最大500万円：札幌市商品開発・市場開拓支援情報2022年6月30日札幌市は、観光客の誘致促進や満足度向上を図るため、市の冬季観光の振興に一層の効果が期待される事業について、最大500万円を補助する。申請の申し込み期限は7月22日。札幌市は、冬季の観光消費の拡大を図るため、「雪の街の魅力」と「国際観光都市の魅力」が融合した「スノーリゾートSAPPORO」のブランド化を目指している。今回の補助では、市の観光客の誘致促進や満足度向上に加え、スノーリゾートとしてのブランド化に資する新たな発想を持った事業に補助金を交付する。応募の対象となるのは、観光客を主なターゲットとした事業で、冬季の観光事業への波及効果が期待できるもの。一過性の事業ではなく、事業の自走可能性があることなどが条件となっている。補助率は対象経費の2分の1。詳しくは、札幌市のホームページへ。「令和4年度冬季観光コンテンツ造成補助金」の補助対象事業を募集しますシェアツイートLINEで送る中小企業NEWSトップへ戻る
https://j-net21.smrj.go.jp/news/l357tf0000002c6w.html,中小企業魅力発信月間のイベント公表,中企庁,イベント,支援情報,2022-07-01,イベント中小企業魅力発信月間のイベント公表：中企庁支援情報2022年7月1日中小企業庁は7月の1カ月間を「中小企業魅力発信月間」、7月20日を「中小企業の日」とするのに合わせ、各地で開催される中小企業・小規模事業者に関わるイベント（シンポジウム、セミナー、商工祭など）を公表した。中小企業の日は、中小企業・小規模事業者の存在意義や魅力に関する正しい理解を広く醸成する機会を国民運動として提供していくため、官民で集中的に中小企業・小規模事業者に関連するイベントを開催する取り組み。2019年からスタートしている。詳しくは中企庁のホームページへ。中小企業の日～7月20日は「中小企業の日」・7月は「中小企業魅力発信月間」～シェアツイートLINEで送る中小企業NEWSトップへ戻る
https://j-net21.smrj.go.jp/news/l357tf0000002fzs.html,食料品小売店表彰を募集,食流機構,イベント,支援情報,2022-07-06,イベント食料品小売店表彰を募集：食流機構支援情報2022年7月6日食品等流通合理化促進機構は、優れた経営成績を上げている全国の中小食料品小売店を表彰する「優良経営食料品小売店等表彰」（農林水産省など後援）の募集を始めた。一次・二次審査に合格した店舗について、必要に応じて現地訪問調査を行い、農林水産大臣賞や農林水産省大臣官房長賞など各賞を贈呈する。応募締切は7月22日。表彰式は2023年2月下旬に東京都内で開く予定だ。募集対象は⼩売業部⾨と組合・商店街等共同活動部⾨の2部門。⼩売業部⾨は法人または個人が経営する独立店舗、専⾨食料品小売業（青果・鮮魚・食肉・花き・酒・米・惣菜・茶・菓子・パンなど）及び総合食料品小売業を営む、従業員数がおおむね50人以下、食料品及び花きの小売売上が総売上の50％を上回っている、フランチャイズまたはボランタリーチェーンに加盟していない、などが応募の条件となる。詳しくは食品等流通合理化促進機構のホームページへ。優良経営食料品小売店等表彰シェアツイートLINEで送る中小企業NEWSトップへ戻る
https://j-net21.smrj.go.jp/news/l357tf0000002m8b.html,脱炭素社会でフォーラム,四国経産局など,イベント,"支援情報,SDGs,省エネ",2022-07-12,イベント脱炭素社会でフォーラム：四国経産局など支援情報SDGs省エネ2022年7月12日環境省四国事務所などで構成するローカルSDGs四国事務局と四国経済産業局、四国財務局は「地域脱炭素推進フォーラムin四国」を7月22日にオンラインで開催する。脱炭素社会の実現に向け、四国の企業による脱炭素経営の取り組み事例や支援施策を紹介する。時間は14時～17時。定員250人（先着順）。7月19日までに申し込む。フクシン（香川県東かがわ市、手袋・靴下など製造）の福﨑二郎社長が「田舎の小さなてぶくろ屋さんが始めたSDGs理念に基づくデザイン経営」、古湧園（愛媛県松山市、ホテル業）の新山富左衛門社長が「環境対応型ホテルに挑戦」、日誠産業（徳島県阿南市、古紙再生パルプ製造）の島大樹専務「SDGsパートナーシップと循環型リサイクルの実践」、高知機型工業（高知県香南市、各種模型製造）の北泰子副社長が「SDGs・脱炭素の取組」をテーマにそれぞれ講演する。詳しくは四国経産局、ローカルSDGs四国事務局のホームページへ。地域脱炭素推進フォーラムin四国を開催します（四国経産局）地域脱炭素推進フォーラムin四国開催のお知らせ（ローカルSDGs四国事務局）シェアツイートLINEで送る中小企業NEWSトップへ戻る
https://j-net21.smrj.go.jp/news/l357tf0000002ov5.html,「中小企業の日」に企業展とフォーラムの2本立てイベント,大阪府中小企業家同友会,イベント,支援情報,2022-07-14,イベント「中小企業の日」に企業展とフォーラムの2本立てイベント：大阪府中小企業家同友会支援情報2022年7月14日大阪府中小企業家同友会は、大阪府、大阪市と共催で、「第3回OSAKAWAKASO（大阪わかそう）」を「中小企業の日」の7月20日に大阪市中央公会堂（大阪市北区）で開催する。企業展とフォーラムの2本立てのイベントで入場無料。参加申し込みの締め切りは7月16日。企業展では、さまざまな業種の同友会会員企業90社と行政など10団体が出展し、中小企業の魅力を来場者に発信し、中小企業の存在意義を知ってもらう場となる。一方、フォーラムは、2025年開催の「大阪・関西万博」のコンセプトである「命」を考慮し、「地域で育む命の継承中小企業が輝く未来のデザイン」がテーマ。日本国際博覧会協会による万博の概要などの紹介のほか、基調講演とパネルディスカッションが行われる。詳しくは大阪府中小企業家同友会のホームページへ。今年も7/20中小企業の日企画「第3回大阪わかそう2022」開催します!!シェアツイートLINEで送る中小企業NEWSトップへ戻る
https://j-net21.smrj.go.jp/news/l357tf0000002qvo.html,宮城県の大雨災害で相談窓口:中小機構,,支援,支援情報,2022-07-19,支援宮城県の大雨災害で相談窓口:中小機構支援情報2022年7月19日中小機構は、14日からの大雨で宮城県の大崎市、松島町に災害救助法が適用されたことを踏まえ、被災した中小企業が早期に事業を再開できるよう特別相談窓口を19日付で開設した。特別相談窓口は、東北本部企業支援部企業支援課に設けられ、電話は022・716・1751。被災小規模企業共済契約者に対する対策は、共済事業グループ小規模共済融資課が担当。電話は03・3433・8811。詳しくは、中小機構のホームページへ。令和4年7月14日からの大雨による災害に関する被災中小企業・小規模事業者対策についてシェアツイートLINEで送る中小企業NEWSトップへ戻る
https://j-net21.smrj.go.jp/news/l357tf0000002s2o.html,タイ工業省局長が表敬訪問,中小機構,イベント,支援情報,2022-07-20,イベントタイ工業省局長が表敬訪問：中小機構支援情報2022年7月20日タイ工業省のナタポン局長（左）と豊永理事長東京・虎ノ門の中小機構を訪問したタイ工業省・工業団地公社の関係者ら中小機構の豊永厚志理事長は7月15日、タイ工業省のナタポン・ランシットポル産業振興局長、タイ工業団地公社のウィリット・アムラパーン総裁らの表敬訪問を受け、会談した。ナタポン局長らは駐在員の配置や商談会の開催を始めとした中小機構の取り組みに対して謝意を表明。これに対し、豊永理事長らは中小機構のスタートアップ支援やタイへの販路支援などについて説明し、今後、中小機構とタイ工業省・工業団地公社との関係を強化することで一致した。タイ工業省・工業団地公社関係者は、タイへの日本企業の投資誘致や日本企業との意見交換、日本の先端技術の視察などを目的に来日した。ナタポン局長らはその後、中小機構が東京大学、千葉県、柏市と連携して運営しているインキュベーション（起業家育成）施設「東大柏ベンチャープラザ」（千葉県柏市）を視察した。原田憲一チーフインキュベーションマネージャーと、入居企業であるアルガルバイオ（藻類の研究開発）の木村周代表取締役社長CEOによる事業説明が行われ、タイ側から施設の入居条件や入居期間、アルガルバイオの事業に関して質問するなど、意見交換を行った。シェアツイートLINEで送る中小企業NEWSトップへ戻る
https://j-net21.smrj.go.jp/news/l357tf0000002ryv.html,「中小企業DAY」を8時間ライブ配信,中小企業の日,イベント,支援情報,2022-07-20,イベント「中小企業DAY」を8時間ライブ配信：中小企業の日支援情報2022年7月20日「中小企業DAY」で中小企業庁長官官房広報相談室の工藤勝弘室長（左）は「ミラサポplus」を紹介（YouTubeから）中小企業の魅力を発信するオンライン配信イベント「中小企業DAY」が「中小企業の日」の7月20日10時からYouTubeでライブ配信されている。視聴無料。中小企業基本法の公布・施行日を記念した「中小企業の日」の関連イベントで、今年で3回目。今回は「みんなで考えよう！これからのこと」をテーマに経営者や中小企業庁職員ら35人が登壇。18時まで8時間にわたって中小企業に役立つ情報の提供や新たな取り組みに挑む中小企業の紹介などを行っている。「中小企業DAY」は2020年から「中小企業の日」にライブ配信されているイベント。今回は、地域産業の発展・活性化に向けた活動を行っている一般社団法人スマートニッチ応援団（横浜市）と、地域の課題解決を目的として全国各地の金融機関職員と公務員で構成する一般社団法人ちいきん会(福島市)が主催している。この日は、まず10時から「ミラサポplusの活用術」とのタイトルで中小企業庁長官官房広報相談室の工藤勝弘室長が登壇。中小企業・小規模事業者向けに補助金・支援制度を案内するサイト「ミラサポplus」を中心に、インターネット上のサイトを紹介した。同サイトでは、地域・目的別に支援制度を検索できるほか、各種の施策を漫画でわかりやすく説明する「マンガでわかる」シリーズなどが掲載されている。工藤室長は「会員登録することで利用できる機能も多い。ぜひ登録してほしい」と話した。また、中小機構が運営する「J-Net21」も紹介。業種別開業ガイドや市場調査データ、ビジネスQ&Aなど豊富で最新の情報が閲覧でき、工藤室長は「ここには宝の山が眠っている」とPRした。最後に工藤室長は「ネットには役立つ情報が多いが、ネットだけでは完結しない。支援機関などでリアルの支援を受けてほしい」と呼び掛けた。「中小企業の日」については中小企業庁のホームページへ。中小企業の日～7月20日は「中小企業の日」・7月は「中小企業魅力発信月間」～シェアツイートLINEで送る中小企業NEWSトップへ戻る
https://j-net21.smrj.go.jp/news/l357tf00000031n3.html,国産小麦の安定供給に最大3億円,農水省,支援,支援情報,2022-07-21,支援国産小麦の安定供給に最大3億円：農水省支援情報2022年7月21日農林水産省は国産小麦を新たに一定数量保管し、安定供給体制の強化に取り組む者を補助する「国産小麦供給円滑化事業のうち国産小麦安定供給強化対策」の2次公募を始めた。北米産小麦の不作に加え、ロシアのウクライナ侵攻により供給懸念が高まったことに対応する。補助上限額は1計画当たり3億円で、補助率は2分の1以内。公募期間は8月5日まで。補助対象経費は保管施設、その附帯設備、保管施設の整備と一体的に整備される処理加工施設の整備。小麦や大麦などの国際価格は、高い水準で不安定な動きとなっている。これに対し、輸入依存度の高い小麦の国際価格高騰の影響を緩和しつつ、輸入依存度を下げる観点から、豊凶変動に対応し、凶作時でも安定して供給できる体制づくりを支援することにした。詳しくは農水省のホームページへ。令和4年度国産小麦供給円滑化事業のうち国産小麦安定供給強化対策の第2次公募の実施についてシェアツイートLINEで送る中小企業NEWSトップへ戻る
https://j-net21.smrj.go.jp/news/l357tf0000003529.html,経営後継者向けなど7講座,中小企業大学校四国,イベント,支援情報,2022-07-26,イベント経営後継者向けなど7講座：中小企業大学校四国支援情報2022年7月26日中小機構四国本部は「中小企業大学校四国キャンパス」で2022年度下半期に開講する研修講座を公開し、参加申し込みの受付を始めた。新規テーマとして「経営後継者向け研修」を高知市で、「新規顧客開拓研修」を愛媛県新居浜市で開講するなど、企業リーダー向けに7講座を用意した。いずれも2日間の日程で、定員は各20人。受講料は1人あたり2万2000円。中小企業大学校は中小企業の中核人材を育成する研修施設。中小機構が運営し、北海道旭川市から熊本県人吉市まで全国9カ所に常設専用施設を持つ。四国キャンパスは、これまで広島校（広島市）や関西校（兵庫県福崎町）に出向いていた四国企業の利便性を改善するため、2019年11月に開校し、全国で展開されている人気コースや四国地域の特性を反映したオリジナル研修などを提供している。開講する研修講座は次の通り。▽「チームを活かすマネジメント～全体を見渡す管理者になる～」10月13日～14日、レクザムホール（高松市）▽「安心な経営のための資金繰り講座～資金ショートしない健全な会社を築くために～」10月20日～21日、高松センタービル（高松市）▽「現場改善の基本を身に付ける！～利益につなげる品質と生産性向上～」11月2日、11月18日、高知県工業技術センター（高知市）▽「組織的OJTの仕組みづくり～若手の育成を「現場まかせ」にしない～」12月8日～9日、レクザムホール（高松市）▽「コミュニケーション力の強化による職場の活性化～強い信頼関係で働きがいアップ！～」2023年1月24日～25日、アイテムえひめ（松山市）▽「ゲームでみがく！利益を生み出す経営センス～企業経営の舵をとる～」2023年2月8日～9日、高知県産学官民連携センター（高知市）▽「根性論に頼らない成果につながる新規取引先の開拓～テレアポの神に学ぼう！～」2023年3月7日～8日、えひめ東予産業創造センター（愛媛県新居浜市）詳しくは中小機構四国のニュースリリースへ。中小企業大学校四国キャンパス2022年度下半期経営後継者向け、新規顧客開拓など新規テーマを開講！企業リーダー向け7講座の申込受付を開始しましたシェアツイートLINEで送る中小企業NEWSトップへ戻る
https://j-net21.smrj.go.jp/news/l357tf0000003cei.html,キャッシュレス決済ポイント還元キャンペーンの参加店募集,東京都新宿区,イベント,支援情報,2022-08-02,イベントキャッシュレス決済ポイント還元キャンペーンの参加店募集：東京都新宿区支援情報2022年8月2日東京都新宿区は、9月に実施するキャッシュレス決済によるポイント還元キャンペーンの参加事業者を募集している。参加店舗などでキャッシュレス決済を利用して支払いを行った際、利用者に最大25%のポイントを還元する。新しい日常での生活を応援するとともに、デジタルを活用して地域経済の活性化を図る。キャンペーンに参加できるのは、中小企業や個人事業主。大手チェーン店、フランチャイズ店、コンビニエンスストアなどは含まない。参加を希望する事業者は、各キャッシュレス事業者と契約する必要がある。実施期間は9月1～30日まで。契約がキャンペーン開始に間に合うかどうかは、キャッシュレス事業者ごとに条件が異なるため、各事業者の窓口に確認する必要がある。詳しくは、新宿区のホームページへ。「がんばろう！新宿応援キャンペーンキャッシュレスで最大25%戻ってくる」参加店の募集について（事業者向け）～地域商業活性化推進事業～シェアツイートLINEで送る中小企業NEWSトップへ戻る関連リンク新型コロナウイルス関連ニュース新型コロナウイルスに関連するニュースをまとめています。新型コロナウイルス関連（都道府県別）新型コロナウイルスに関する地域の補助金・助成金・融資の情報をまとめています。
https://j-net21.smrj.go.jp/news/l357tf0000003c43.html,タクシー事業者に運行支援金、申請受け付け開始,川崎市,支援,支援情報,2022-08-02,支援タクシー事業者に運行支援金、申請受け付け開始：川崎市支援情報2022年8月2日川崎市は、新型コロナウイルス感染拡大の影響を受けながらも運行を継続しているタクシー事業者に支援金を交付する。8月1日から申請の受け付けを始めた。支援するのは、川崎市内に営業所があり、市内を営業区域にしているタクシー事業者。福祉輸送事業限定での営業やハイヤーのみで営業をしている事業者は対象外。支援額は法人タクシーの場合、市内の営業所で保有するタクシー車両数1台につき1万円（休車している車両は除く）。個人タクシー事業者は1万円。申請の受け付けは9月30日まで。詳しくは、川崎市のホームページへ。川崎市タクシー事業者運行支援金の受付を実施しますシェアツイートLINEで送る中小企業NEWSトップへ戻る関連リンク新型コロナウイルス関連ニュース新型コロナウイルスに関連するニュースをまとめています。新型コロナウイルス関連（都道府県別）新型コロナウイルスに関する地域の補助金・助成金・融資の情報をまとめています。
https://j-net21.smrj.go.jp/news/l357tf0000003by9.html,「新しい生活様式」への対応に最大30万円補助,山口市,支援,"強い組織作り,支援情報",2022-08-02,支援「新しい生活様式」への対応に最大30万円補助：山口市強い組織作り支援情報2022年8月2日山口市は、「新しい生活様式」への対応や新たな業態にチャレンジする市内の事業者を支援する「新しい生活様式導入応援補助金」の申請を8月31日まで受け付けている。補助対象経費の2分の1、最大30万円を交付する。補助の対象となる事業者は市内の中小企業、中小企業団体のほか、医療法人や社会福祉法人、特定NPO（非営利活動）法人。政府専門家委員会が提唱した「新しい生活様式」や感染症ガイドラインに基づいた対応、新たな業態にチャレンジするための備品や設備導入などの経費を補助する。具体的には、飛沫防止のためのアクリル板の設置や透明ビニールカーテンの設置、サーモグラフィカメラや空気清浄機、換気機能のついたエアコンの設置などの経費が対象となる。市内の事業者との契約であることが条件となっており、個人住宅を兼ねた事務所などへの設置・使用は原則として対象外となる。詳しくは山口市のホームページへ。令和4年度新しい生活様式導入応援補助金（市内事業者用）についてシェアツイートLINEで送る中小企業NEWSトップへ戻る関連リンク新型コロナウイルス関連ニュース新型コロナウイルスに関連するニュースをまとめています。新型コロナウイルス関連（都道府県別）新型コロナウイルスに関する地域の補助金・助成金・融資の情報をまとめています。
https://j-net21.smrj.go.jp/news/l357tf0000003eyh.html,大雨災害で被災企業対策,経産省、中小機構,支援,支援情報,2022-08-04,支援大雨災害で被災企業対策：経産省、中小機構支援情報2022年8月4日経済産業省は8月3日からの大雨により山形県と新潟県の6市6町1村に災害救助法が適用されたことを踏まえ、被災した中小企業・小規模事業者対策を行うと4日発表した。日本政策金融公庫、商工中金、商工会議所、経済産業局などに特別相談窓口を設置するほか、災害復旧貸付の実施、セーフティネット保証4号の適用、既往債務の返済条件緩和などを行う。中小機構も同日、東北本部（仙台市青葉区）と関東本部（東京都港区）に特別相談窓口を設置したほか、被災した小規模企業共済契約者に対して災害時貸付を適用すると発表した。災害救助法が適用されたのは、山形県が米沢市、寒河江市、長井市、南陽市、大江町、高畠町、川西町、小国町、白鷹町、飯豊町の4市6町。新潟県は村上市、胎内市、関川村の2市1村。詳しくは経産省、中小機構、内閣府のホームページ・ニュースリリースへ。令和4年8月3日からの大雨による災害に関して被災中小企業・小規模事業者対策を行います（経産省）令和4年8月3日からの大雨による災害に関する被災中小企業・小規模事業者対策について（中小機構）令和4年8月3日からの大雨による災害にかかる災害救助法の適用について【第2報】（内閣府）シェアツイートLINEで送る中小企業NEWSトップへ戻る
https://j-net21.smrj.go.jp/news/l357tf0000003fsx.html,大雨災害の支援対象に石川県内7市町を追加,経産省、中小機構,支援,支援情報,2022-08-05,支援大雨災害の支援対象に石川県内7市町を追加：経産省、中小機構支援情報2022年8月5日東北から北陸にかけての大雨による災害で、経済産業省と中小機構は8月5日、中小企業・小規模事業者支援の対象自治体に石川県内の7市町を追加した。内閣府が災害救助法の適用自治体を拡大したことを受けたもので、対象は山形県、新潟県、石川県の計20市町村となった。追加されたのは石川県の金沢市、小松市、白山市、加賀市、能美市、野々市市、川北町の6市1町。経産省は、被災した中小企業・小規模事業者対策として、3県内の日本政策金融公庫や商工中金などに特別相談窓口を設置するほか、災害復旧貸付の実施やセーフティネット保証4号の適用、既往債務の返済条件緩和などを行う。一方、中小機構は、東北本部（仙台市青葉区）と関東本部（東京都港区）に加え、北陸本部（金沢市）にも特別相談窓口を設置。また、小規模企業共済の災害時貸付の適用地域に石川県内7市町を追加した。詳しくは経産省、中小機構、内閣府のホームページへ。令和4年8月3日からの大雨による災害に関して被災中小企業・小規模事業者対策を行います（経産省）令和4年8月3日からの大雨による災害に関する被災中小企業・小規模事業者対策について(中小機構)令和4年8月3日からの大雨による災害にかかる災害救助法の適用について【第3報】（内閣府）シェアツイートLINEで送る中小企業NEWSトップへ戻る
https://j-net21.smrj.go.jp/news/l357tf0000003gq9.html,「グルメ応援キャンペーン」参加事業者を募集,千葉市,イベント,支援情報,2022-08-08,イベント「グルメ応援キャンペーン」参加事業者を募集：千葉市支援情報2022年8月8日千葉市は、市内飲食店の利用促進を目的に8月下旬以降に実施を予定している「千葉市グルメ応援キャンペーン」の参加事業者の募集を始めた。第一次募集期限は8月19日まで。募集しているのは、クーポンの販売所となる市内の宿泊施設とクーポンの取り扱い店舗となる飲食店。8月12日に事業者向けのWEB説明会を開催する。キャンペーンでは、1セット（10枚）5000円の飲食用クーポンを市内宿泊施設の利用者に500円で販売するほか、市民を対象に抽選で10万人に配布する。クーポンは飲食代の半額分に最大5000円利用できる。宿泊利用者向けのクーポンは販売期間が8月31日～2023年2月19日で、購入日から10日間利用できる。販売数は9万5000セットを見込んでいる。また、市民向けは9月1日～31日まで申し込みを受け付け、抽選のうえ配布する。利用可能期間は11月～23年2月。詳しくは、千葉市のホームページへ。千葉市飲食店利用促進事業「千葉市グルメ応援キャンペーン」のご案内キャンペーン特設WEBサイトシェアツイートLINEで送る中小企業NEWSトップへ戻る関連リンク新型コロナウイルス関連ニュース新型コロナウイルスに関連するニュースをまとめています。新型コロナウイルス関連（都道府県別）新型コロナウイルスに関する地域の補助金・助成金・融資の情報をまとめています。
https://j-net21.smrj.go.jp/news/l357tf0000003gml.html,燃料費高騰の影響が大きい運送事業者に支援金最大20万円,東京都江戸川区,支援,支援情報,2022-08-08,支援燃料費高騰の影響が大きい運送事業者に支援金最大20万円：東京都江戸川区支援情報2022年8月8日東京都江戸川区は、燃料費高騰による経営への影響が顕著な運輸交通・農水産業分野の中小事業者を対象に支援金を交付する。支援額は最大で20万円。申請期間は10月31日まで。交付の対象となるのは、江戸川区内に本店があるトラック・軽貨物輸送事業者やタクシー・貸し切りバス事業者、農業・淡水魚養殖事業者、屋形船・釣舟事業者など。申請は1事業者あたり1回限り。交付金額は、事業の種類と年間売上高に応じて5万円、10万円、20万円をそれぞれ支給する。詳しくは、江戸川区のホームページへ。江戸川区運送事業者等燃料費高騰対策支援金シェアツイートLINEで送る中小企業NEWSトップへ戻る
https://j-net21.smrj.go.jp/news/l357tf0000003g3m.html,市民がわくわくするイベント開催に最大500万円補助,北海道旭川市,支援,支援情報,2022-08-08,支援市民がわくわくするイベント開催に最大500万円補助：北海道旭川市支援情報2022年8月8日旭川市は、市民がわくわくするイベントなどの実施に対して最大500万円を補助する「旭川わくわくイベント開催応援事業補助金」の申請を受け付けている。申請期限は8月18日まで。新型コロナウイルスの感染拡大の影響で地域の経済活動が停滞する中で、旭川を元気にするプロジェクトを支援することで、地域振興や産業振興を図る。応募資格は市内に事業所を持つ中小企業や個人事業主で、広告代理店やデザイン企画会社、印刷などの事業者を対象にしている。申請されたプロジェクトについては書類審査のほか、必要に応じて事業のプレゼンテーションや審査員のヒアリングを受けてもらう。市は補助金の実現に向けて市民から実現してほしいアイデアを募集。イベント案一覧として公表している。市民から提案のあったイベント案をもとにしたプロジェクトは加点の対象となる。詳しくは、旭川市のホームページへ。旭川わくわくイベント開催応援事業補助金シェアツイートLINEで送る中小企業NEWSトップへ戻る関連リンク新型コロナウイルス関連ニュース新型コロナウイルスに関連するニュースをまとめています。新型コロナウイルス関連（都道府県別）新型コロナウイルスに関する地域の補助金・助成金・融資の情報をまとめています。
https://j-net21.smrj.go.jp/news/l357tf0000003kjq.html,地域産業応援金に「原油価格・物価高騰等加算」を新設,仙台市,支援,支援情報,2022-08-12,支援地域産業応援金に「原油価格・物価高騰等加算」を新設：仙台市支援情報2022年8月12日仙台市は、国の「生産性革命推進事業」などを活用し、前向きな投資や事業活動を展開している市内の事業者に支給している「地域産業応援金」に「原油価格・物価高騰等加算」を設け、支給額を増額した。6月24日以降に公募締め切りとなる対象補助金の交付決定を受け、原油価格・物価高騰等の影響を受けた事業者が対象となる。対象補助金の交付決定額に応じて、応援金の基本支給額にプラスして5～50万円が加算される。応援金の支給額と対象補助金の支給額の合計が、対象補助金の総事業費を上回る場合、応援金の支給額は総事業費を超えない額になる。対象補助金は、国の「生産性革命推進事業」のうちの「ものづくり補助金」「持続化補助金」「IT導入補助金」「事業承継・引継ぎ補助金」と、「事業再構築補助金」、「業態転換等支援事業」。県の「宮城県中小企業等事業再構築支援補助金（県独自補助分）」。業態転換等支援事業は今回、新たに支給対象として追加された。詳しくは、仙台市のホームページへ。令和4年度地域産業応援金について（7月29日更新）シェアツイートLINEで送る中小企業NEWSトップへ戻る
https://j-net21.smrj.go.jp/news/l357tf0000003qwb.html,食品ロス削減促す小売・外食業募集,農水省,イベント,"支援情報,SDGs",2022-08-22,イベント食品ロス削減促す小売・外食業募集：農水省支援情報SDGs2022年8月22日農林水産省は10月の「食品ロス削減月間」に向けて、ポスターなど普及啓発資材を活用して「てまえどり」を含めた消費者啓発に取り組む小売・外食事業者・地方自治体を募集している。応募した事業者・自治体名は10月1日以降、農林水産省ホームページ上で公表する。募集期間は10月28日まで。「てまえどり」は買い物をする時、すぐに食べるものは賞味期限が近い商品棚の手前から選ぶこと。現在、コンビニエンスストアを中心に取り組みが進んできているが、全国的に浸透するためには、食品スーパーなどへの拡大が必要。このため同省作成の普及啓発資材や関係各省が作成した資材を活用して消費者への啓発活動を実施する小売・外食事業者、食品関連事業者へ食品ロス削減の普及啓発を呼びかける地方自治体を募集することにした。詳しくは農水省のホームページへ。食品ロス削減のための消費者啓発に取り組む小売・外食事業者、地方自治体を募集しますシェアツイートLINEで送る中小企業NEWSトップへ戻る
https://j-net21.smrj.go.jp/news/l357tf0000003snx.html,商店街の未来像議論,中企庁がシンポジウム,イベント,支援情報,2022-08-24,イベント商店街の未来像議論：中企庁がシンポジウム支援情報2022年8月24日中小企業庁はシンポジウム「逆境に打ち勝て！令和の商店街まちづくり」を全国3カ所で順次開催する。商店街を取り巻く環境が厳しくなる中で、商店街づくり・まちづくりで活躍してきたトップランナーの議論を通じて、新たな未来像を探る試み。第1回は9月13日に愛媛県県民文化会館（松山市）とオンライン配信で開催する。参加希望者は9月12日までに申し込む。第1回のテーマは「持続的なまちづくりにおける商店街の方向性」。松山銀天街商店街振興組合（松山市）の加戸慎太郎理事長、魚町商店街振興組合（北九州市小倉北区）の梯輝元理事長、札幌狸小路商店街振興組合（札幌市中央区）の島口義弘理事長がパネラー、和歌山大学の足立基浩副学長・教授がファシリテーターとなり議論する。セブン商店会（京都府長岡京市）、熱海銀座商店街（静岡県熱海市）などの事例も発表する。詳しくは中企庁のホームページ、特設サイトへ。シンポジウム「逆境に打ち勝て！令和の商店街まちづくり」を開催します(令和4年度外部人材活用・地域人材育成事業)逆境に打ち勝て！令和の商店街まちづくりシンポジウム2022シェアツイートLINEで送る中小企業NEWSトップへ戻る関連リンク新型コロナウイルス関連ニュース新型コロナウイルスに関連するニュースをまとめています。新型コロナウイルス関連（都道府県別）新型コロナウイルスに関する地域の補助金・助成金・融資の情報をまとめています。
https://j-net21.smrj.go.jp/news/l357tf0000003x1q.html,9月は価格交渉促進月間,経産省が価格転嫁促す,支援,支援情報,2022-08-30,支援9月は価格交渉促進月間：経産省が価格転嫁促す支援情報2022年8月30日経済産業省は9月の「価格交渉促進月間」を契機に、原材料やエネルギー価格、労務費などの上昇分を下請中小企業が適切に取引先に価格転嫁できるよう、発注側企業と受注側企業の価格交渉を促進する。発注企業に対して価格交渉・価格転嫁への積極的な対応を要請するほか、受注側中小企業に対して価格交渉の状況を調査する。その上で、実施状況が良好でない発注企業に対して、下請中小企業振興法に基づき「指導・助言」する。受注側中小企業への状況調査は、15万社程度にアンケート調査を実施し、発注側企業ごとに価格協議や価格転嫁についての具体的な状況を把握する。このうち2000社程度に対して、下請Gメンが重点的にヒアリングする。業種ごとにアンケートの回答を数値化して公表するほか、良い事例・問題のある事例も公表。独占禁止法や下請代金法の違反が疑われる事案については、公正取引委員会と中小企業庁が連携して対処する。中小企業が賃上げを実現するには、コストの適切な価格転嫁が必要不可欠。特に昨今、原材料価格やエネルギー価格、労務費などが大きく上昇しており、下請中小企業へのしわ寄せを解消し、これらコスト上昇による負担をサプライチェーン全体で適切に分担するためにも、価格転嫁の実現は喫緊の課題となっている。詳しくは経産省のホームページへ。9月は「価格交渉促進月間」です！シェアツイートLINEで送る中小企業NEWSトップへ戻る
https://j-net21.smrj.go.jp/news/l357tf0000003wzv.html,官公需の中小企業比率61％に,政府,支援,支援情報,2022-08-30,支援官公需の中小企業比率61％に：政府支援情報2022年8月30日政府は2022年度の「中小企業者に関する国等の契約の基本方針」を閣議決定した。中小企業・小規模事業者による官公需の受注機会を増やすのが目的。中小企業・小規模事業者向け契約目標は国等全体として引き続き61％（5兆2738億円）を掲げ、創業10年未満の新規中小企業者向け契約目標は3％以上に設定した。またスタートアップ育成の重要性を踏まえ、スタートアップを含む新規中小企業者の受注機会を増大させるため、各府省における調達の実態について確認し、スタートアップからの調達が特に見込まれる分野についての検証を行うなどの措置を盛り込んだ。詳しくは経産省のホームページへ。「令和4年度中小企業者に関する国等の契約の基本方針」を閣議決定しましたシェアツイートLINEで送る中小企業NEWSトップへ戻る
https://j-net21.smrj.go.jp/news/l357tf0000003xli.html,ものづくり事業者の電気料金高騰分の一部を補助,東京都日野市,支援,支援情報,2022-08-31,支援ものづくり事業者の電気料金高騰分の一部を補助：東京都日野市支援情報2022年8月31日東京都日野市は、原油価格や物価高騰の影響を受け、厳しい経営環境に置かれている市内のものづくり事業者に対して電気料金高騰分の一部を補助している。申請期限は9月14日。補助の対象となるのは、資本金または出資の総額が3億円以下の中小企業や常時使用する従業員数が300人以下の中小企業・個人事業主。ものづくり基盤技術振興基本法に規定するものづくり基盤産業に属する事業を主要な事業としていることなどが要件となっている。市内の事業所で使用した2022年4月分～6月分の電気料金の10％に相当する金額で、100万円(消費税を除く)を上限に補助金を交付する。詳しくは日野市のホームページへ。日野市ものづくり事業者電気料金支援補助金シェアツイートLINEで送る中小企業NEWSトップへ戻る
https://j-net21.smrj.go.jp/news/l357tf0000004286.html,宿泊施設のデイユースプラン利用促進事業補助金の申請受け付け,兵庫県姫路市,支援,支援情報,2022-09-05,支援宿泊施設のデイユースプラン利用促進事業補助金の申請受け付け：兵庫県姫路市支援情報2022年9月5日兵庫県姫路市は、テレワークのように宿泊せずに一定時間だけ施設を利用するデイユースプランのサービスを提供する市内の宿泊事業者に補助金を交付する「宿泊施設デイユースプラン利用促進事業」の募集を始めた。受付期間は9月16日まで。新型コロナウイルス感染拡大の影響を受けている宿泊事業者が、新たな顧客の掘り起こしと客室の有効活用を図り、新たな収入源の確保につなげることを目的に実施。1人につき2000円を上限に、申請のあったデイユースプランの設定価格の2分の1の金額を利用回数に応じて補助する。デイユースプランを販売する際は、設定価格から補助金額を差し引いて販売することが求められる。補助金の総額は1800万円。複数の宿泊事業者から申請があった場合は、デイユースプランの対象となる部屋数をもとに補助金額を割り振りし、各宿泊施設への補助金上限額として交付決定する。詳しくは姫路市のホームページへ。姫路市宿泊施設デイユースプラン利用促進事業補助金のご案内シェアツイートLINEで送る中小企業NEWSトップへ戻る関連リンク新型コロナウイルス関連ニュース新型コロナウイルスに関連するニュースをまとめています。新型コロナウイルス関連（都道府県別）新型コロナウイルスに関する地域の補助金・助成金・融資の情報をまとめています。
https://j-net21.smrj.go.jp/news/l357tf00000042ki.html,中心市街地・商店街セミナー,東北経産局,イベント,支援情報,2022-09-06,イベント中心市街地・商店街セミナー：東北経産局支援情報2022年9月6日東北経済産業局は「東北地域中心市街地及び商店街関連セミナー」（秋田市、中小機構共催）を10月12日にあきた芸術劇場ミルハス（秋田市）で開催する。中心市街地や商店街の振興に関わる人材・機関との連携構築や、まちづくりに携わる人材のスキルアップなどが目的。時間は9時30分～17時。申込締切は9月12日。午前中は「地域のまちづくり活動の自走について～事業の人的・面的広がりを作る」をテーマにパネル討論会を行う。発表者は株式会社元気アップつちゆと、俺たちの株式会社楽街。パネラーは下田孝志氏（山形まちづくり）、柳沢拓哉氏（まちづくり八戸）、苅谷智大氏（街づくりまんぼう）、古川直文氏（楽市白河）、伊藤大海氏（中心市街地サポートアドバイザー）。午後は5グループに分かれて議論するほか、秋田市の中心市街地を視察する。詳しくは東北経産局のホームページへ。「東北地域中心市街地及び商店街関連セミナー」を開催しますシェアツイートLINEで送る中小企業NEWSトップへ戻る
https://j-net21.smrj.go.jp/news/vs6scn00000004of.html,活性化パッケージNEXT策定,経産省,支援,支援情報,2022-09-14,支援活性化パッケージNEXT策定：経産省支援情報2022年9月14日経済産業省は金融庁・財務省と連携して「中小企業活性化パッケージNEXT」を策定するとともに、金融機関に対して事業者支援を徹底するよう要請した。中小企業に対する資金繰り支援の拡充と、収益力改善・事業再生・再チャレンジをさらに促すのが狙い。日本政策金融公庫のスーパー低利・無担保融資を2023年3月末まで継続し、貸付限度額を引き上げるほか、収益力改善支援のための実務指針の策定や中小機構が出資する再生ファンドの組成を促す優先分配スキームを創設する。またポストコロナへの段階的移行を図る観点から、事業再構築など前向きな取り組みに対する資金需要に応えるため、伴走支援型特別保証の保証限度額を引き上げる。併せて借換保証など、中小企業の返済負担軽減策を検討する。さらに飲食業・宿泊業支援専門窓口の設置、信用保証協会と中小企業活性化協議会による連携協定の締結、サテライトでの相談対応などを実行し、中小企業活性化協議会の機能を強化する。詳しくは経産省のホームページへ。中小企業活性化パッケージNEXTを策定しました「中小企業活性化パッケージNEXT」を踏まえた要請をしました。シェアツイートLINEで送る中小企業NEWSトップへ戻る
https://j-net21.smrj.go.jp/news/vs6scn000000088a.html,台風14号被災地域の中小企業・小規模事業者を支援,経産省と中小機構,支援,支援情報,2022-09-20,支援台風14号被災地域の中小企業・小規模事業者を支援：経産省と中小機構支援情報2022年9月20日経済産業省は20日、台風14号によって九州・中国・四国地方の9県286市町村に災害救助法が適用されたことを踏まえ、被災した中小企業・小規模事業者対策を行うと発表した。日本政策金融公庫、商工中金、商工会議所、経済産業局などに特別相談窓口を設置するほか、災害復旧貸付の実施、セーフティネット保証4号の適用、既往債務の返済条件緩和などを行う。中小機構も同日、九州本部（福岡市博多区）と中国本部（広島市中区）、四国本部（高松市）に特別相談窓口を設置したほか、被災した小規模企業共済契約者に対して災害時貸付を適用すると発表した。災害救助法が適用されたのは、山口県、高知県、福岡県、佐賀県、長崎県、熊本県、大分県、宮崎県、鹿児島県の132市130町24村。詳しくは、経産省、中小機構、内閣府のホームページ・ニュースリリースへ。令和4年台風第14号による災害に関して被災中小企業・小規模事業者対策を行います（経産省）令和4年台風第14号による災害に関する被災中小企業・小規模事業者対策について（中小機構）令和4年台風第14号に伴う災害救助法第2条第2項による災害救助法の適用について【第7報】（内閣府）シェアツイートLINEで送る中小企業NEWSトップへ戻る
https://j-net21.smrj.go.jp/news/vs6scn0000000l2j.html,台風15号被災地域の中小企業・小規模事業者を支援,経産省と中小機構,支援,支援情報,2022-09-26,支援台風15号被災地域の中小企業・小規模事業者を支援：経産省と中小機構支援情報2022年9月26日経済産業省は26日、台風15号によって静岡県の18市5町に災害救助法が適用されたことを踏まえ、被災した中小企業・小規模事業者対策を行うと発表した。日本政策金融公庫、商工中金、商工会議所、経済産業局などに特別相談窓口を設置するほか、災害復旧貸付の実施、セーフティネット保証4号の適用、既往債務の返済条件緩和などを行う。中小機構も同日、関東本部（東京都港区）と中部本部（名古屋市中区）に特別相談窓口を設置したほか、被災した小規模企業共済契約者に対して災害時貸付を適用すると発表した。災害救助法が適用されたのは、静岡市、浜松市、沼津市、三島市、富士宮市、島田市、富士市、磐田市、焼津市、掛川市、藤枝市、御殿場市、袋井市、裾野市、湖西市、御前崎市、菊川市、牧之原市、清水町、長泉町、吉田町、川根本町、森町。詳しくは、経産省、中小機構、内閣府のホームページ・ニュースリリースへ。令和4年台風第15号による災害に関して被災中小企業・小規模事業者対策を行います（経産省）令和4年台風第15号による災害に関する被災中小企業・小規模事業者対策について（中小機構）令和4年台風第15号に伴う災害にかかる災害救助法の適用について（内閣府）シェアツイートLINEで送る中小企業NEWSトップへ戻る
https://j-net21.smrj.go.jp/news/vs6scn0000000a82.html,イベントやホームページで魅力発信、賑わいある商店街づくりを支援,前橋市,支援,支援情報,2022-09-26,支援イベントやホームページで魅力発信、賑わいある商店街づくりを支援：前橋市支援情報2022年9月26日前橋市は、イベントやホームページ作成による情報発信など活き活きとした賑わいのある商店街づくりに取り組む商店街団体を支援する「いきいき・にぎわい商店街支援事業」の補助金申請を受け付けている。必要経費の2分の1以内、最大で13万円を補助する。交付の対象となる事業は、商店街に顧客を呼び込み、地域住民とのふれあいを深めるイベントやスタンプ、還元セールといった販売促進施策、商店街の魅力を地域住民に発信するためのホームページの開設やリニューアルなど。事業を行う場所や経費の使用は原則として市内に限る。事業を開始する前に申請する必要がある。申請期限は2023年3月31日まで。詳しくは、前橋市のホームページへ。【受付中:令和5年3月31日まで】いきいき・にぎわい商店街支援事業補助金シェアツイートLINEで送る中小企業NEWSトップへ戻る
https://j-net21.smrj.go.jp/news/vs6scn0000000pdu.html,タクシー事業者対象に緊急支援金,札幌市,支援,支援情報,2022-09-30,支援タクシー事業者対象に緊急支援金：札幌市支援情報2022年9月30日札幌市は、新型コロナウイルスの感染拡大による利用者減や営業経費の高騰などの影響を受けているタクシー事業者に対して安定的な事業運営の継続に向けて緊急支援金の支給を始めた。申請の受け付けは12月23日まで。支援の対象となるのは8月31日現在、市内に営業所を置く事業者。北海道が実施している「地域公共交通事業者等臨時支援補助金」の補助上限（1事業者当たり100台）を超えるタクシー台数について支援金を支給する。支給額は、市内営業所に配置しているハイヤー・タクシーなどの車両1台当たり2万5000円。例えば、道内に200台の車両を有する事業者で、市外に80台、市内に120台配置している場合、道が実施する補助金の上限100台（市外80台＋市内20台）を差し引いた市内配置車両100台が支給対象になる。市外に120台、市外に80台配置している場合は、市内配置車両80台が支給対象となる。詳しくは、札幌市のホームページへ。令和4年度札幌市公共交通確保緊急支援金についてシェアツイートLINEで送る中小企業NEWSトップへ戻る関連リンク新型コロナウイルス関連ニュース新型コロナウイルスに関連するニュースをまとめています。新型コロナウイルス関連（都道府県別）新型コロナウイルスに関する地域の補助金・助成金・融資の情報をまとめています。
https://j-net21.smrj.go.jp/news/vs6scn0000000t0v.html,12月下旬まで全国旅行支援,観光庁,支援,支援情報,2022-10-05,支援12月下旬まで全国旅行支援：観光庁支援情報2022年10月5日国土交通省観光庁は「全国旅行支援」を10月11日から12月下旬まで実施する。現在実施している「県民割」を広げる格好で、旅行商品代金の割引とクーポン券配布を合わせて1人1泊当たり最大1万1000円を支援する。交通費込みの旅行商品は一泊当たり8000円、宿泊のみは同5000円を上限に、代金の40％を割り引く。また買い物に使えるクーポン券は、平日3000円、休日1000円分を配布する。国から費用補助を受けた都道府県が実施可否や期間を決める。現在実施中の県民割支援は10月10日宿泊分（10月11日チェックアウト分）まで延長する。詳しくは観光庁のホームページへ。全国旅行支援の実施についてシェアツイートLINEで送る中小企業NEWSトップへ戻る関連リンク新型コロナウイルス関連ニュース新型コロナウイルスに関連するニュースをまとめています。新型コロナウイルス関連（都道府県別）新型コロナウイルスに関する地域の補助金・助成金・融資の情報をまとめています。
https://j-net21.smrj.go.jp/news/vs6scn0000000udq.html,10月14日開業の産業交流拠点「東京たま未来メッセ」で内覧会,東京都,支援,支援情報,2022-10-06,支援10月14日開業の産業交流拠点「東京たま未来メッセ」で内覧会：東京都支援情報2022年10月6日10月14日に開業する東京たま未来メッセ（写真提供：多摩産業交流センター指定管理共同企業体）東京・多摩地区最大級の産業交流拠点となる東京都立多摩産業交流センター「東京たま未来メッセ」（東京都八王子市）が10月14日に開業するのを前に、内覧会が10月5日に実施された。展示会や商談会、セミナーなどに利用できる展示ホールや会議室が整備されており、多摩地域の持つ産業集積の強みを活かした広域的な産業交流の中核機能を担う施設となる。同施設は、東京都八王子合同庁舎、八王子市保健所と一体的に建設された複合施設（地上7階、地下1階）の1～3階部分。JR八王子駅から徒歩5分、京王八王子駅から徒歩2分とアクセスしやすい立地となっている。広さ約2400平方メートルの展示室は多目的に利用できる（写真提供：多摩産業交流センター指定管理共同企業体）内部には展示室、会議室などがあり、このうち展示室は広さ約2400平方メートル。天井の高さは約10mで、内部に柱がない広々とした空間となっている。4分割が可能で、展示会や商談会、セミナー、会議、学会など多目的に利用できる。また会議室は7室あり、広さは約50～200平方メートル。最も広い会議室は移動間仕切りで分割利用が可能。さらに交流スペースとして交流サロン、産業サロンがある。なお同施設では、都内中小企業と大手企業とのマッチングイベント「新技術創出交流会2022」（東京都中小企業振興公社主催、中小機構関東本部など後援）が10月26、27日に開催される。施設内容や利用方法などは東京たま未来メッセのホームページへ。東京都立多摩産業交流センター東京たま未来メッセシェアツイートLINEで送る中小企業NEWSトップへ戻る
https://j-net21.smrj.go.jp/news/vs6scn0000000vhs.html,イベントと商店街の需要を喚起,経産省,支援,支援情報,2022-10-07,支援イベントと商店街の需要を喚起：経産省支援情報2022年10月7日経済産業省は「イベント需要喚起事業」と「がんばろう！商店街事業」（旧GoTo商店街事業）を10月11日から実施する。新型コロナウイルス感染症の感染拡大により、特に影響を受けているイベント業界や商店街などの地域産業を支援し、経済を活性化させる目的。このうちイベント需要喚起事業（イベント割）は、感染拡大防止対策を徹底したイベント・エンターテイメント（演劇・伝統芸能、音楽ライブ、遊園地・テーマパーク、映画、スポーツ観戦・参加、美術館・博物館など）を対象に、イベント・エンターテインメントのチケット価格から2割相当分（上限2000円）を割り引くもの。2023年1月31日までの期間中に行われるイベントを対象に実施する。一方、がんばろう！商店街事業は、商店街の需要を喚起するため、商店街が行うイベント事業や新たな商材開発、プロモーション制作などを支援するもの。イベント参加者の感染リスクを今まで以上に低減するため、「期間・時間・場所」の分散化に係る取り組みを重点的に支援する。詳しくは経産省のホームページ、特設サイトへ。イベント及び商店街の需要喚起事業を実施しますイベント割がんばろう！商店街事業公式サイトシェアツイートLINEで送る中小企業NEWSトップへ戻る関連リンク新型コロナウイルス関連ニュース新型コロナウイルスに関連するニュースをまとめています。新型コロナウイルス関連（都道府県別）新型コロナウイルスに関する地域の補助金・助成金・融資の情報をまとめています。
https://j-net21.smrj.go.jp/news/vs6scn0000000x4o.html,原油価格・物価高騰の影響大きいものづくり事業者を緊急支援,水戸市,支援,支援情報,2022-10-11,支援原油価格・物価高騰の影響大きいものづくり事業者を緊急支援：水戸市支援情報2022年10月11日水戸市は、原油価格・物価高騰によって電気料金上昇の影響を受けた市内製造事業者に支援金を支給する「ものづくり事業者緊急支援金」の申請を10月31日まで受け付けている。支援が受けられるのは、市内の事業所を持ち、製造業を営んでいる法人・個人事業主。今年1～6月までの期間内に電気使用量が5000キロワット以上の月があること、1～6月の期間内に前年の同じ年と比較して電気料金が20%以上増加した月がある、など一定の要件を満たしていることが必要となっている。支給金額額は月の電気使用量が1万キロワットの場合20万円、5000キロワット以上1万キロワット未満の場合は10万円。詳しくは、水戸市のホームページへ令和4年10月31日（月）申請締切水戸市ものづくり事業者緊急支援金シェアツイートLINEで送る中小企業NEWSトップへ戻る
https://j-net21.smrj.go.jp/news/vs6scn0000000w7b.html,原油・物価高騰で緊急支援10月31日まで,北海道函館市,支援,支援情報,2022-10-11,支援原油・物価高騰で緊急支援10月31日まで：北海道函館市支援情報2022年10月11日北海道函館市は、新型コロナウイルス感染拡大の長期化に加え、原油価格や物価高騰の影響を受けている事業者を支援する「事業者物価高騰等支援金」の申請を10月31日まで受け付けている。5月26日以前から市内に本店、または事業所があり、事業を開始し、今後も事業を継続する意思があることが支給の条件。非営利団体や法人格のない任意団体などは対象外となっている。給付額は、法人・個人事業者ともに1事業者につき5万円。複数の施設・店舗などを市内で営んでいる場合も金額は変わらない。詳しくは、函館市のホームページへ。事業者への物価高騰等緊急支援金（函館市事業者物価高騰等緊急支援金）についてシェアツイートLINEで送る中小企業NEWSトップへ戻る関連リンク新型コロナウイルス関連ニュース新型コロナウイルスに関連するニュースをまとめています。新型コロナウイルス関連（都道府県別）新型コロナウイルスに関する地域の補助金・助成金・融資の情報をまとめています。
https://j-net21.smrj.go.jp/news/vs6scn00000010rz.html,仙台で第2回商店街シンポ,中企庁,イベント,支援情報,2022-10-14,イベント仙台で第2回商店街シンポ：中企庁支援情報2022年10月14日中小企業庁はシンポジウム「逆境に打ち勝て！令和の商店街まちづくり」の第2回を10月24日にハーネル仙台（仙台市青葉区）とオンライン配信で開催する。9月13日の愛媛県松山市での開催に続くもので、商店街を取り巻く環境が厳しくなる中で、商店街づくり・まちづくりで活躍してきたトップランナーの議論を通じて、新たな未来像を探る。参加希望者は10月21日までに申し込む。第2回のテーマは「地域の魅力やエリア価値を高めるための地域連携のあり方」。青梅市中心市街地活性化協議会（東京都青梅市）の國廣純子タウンマネージャー、山形まちづくり（山形市）の下田孝志常務、多治見市観光協会（岐阜県多治見市）の小口英二COO（最高執行責任者）、ふらのまちづくり（北海道富良野市）の湯浅篤専務がパネル討論する。福岡県那珂川市・古賀市の商店街・まちの応援団づくりや、東京都豊島区の巣鴨3商店街のコンソーシアムなどの事例も発表する。詳しくは特設サイトへ。逆境に打ち勝て！令和の商店街まちづくりシンポジウムシェアツイートLINEで送る中小企業NEWSトップへ戻る
https://j-net21.smrj.go.jp/news/vs6scn00000010q4.html,がんばろう！商店街事業セミナー,北海道経産局,イベント,支援情報,2022-10-14,イベントがんばろう！商店街事業セミナー：北海道経産局支援情報2022年10月14日北海道経済産業局は、道内商店街関係者や自治体などを対象に「がんばろう！商店街事業」の活用を目的としたセミナーを10月19日にTKP札幌駅カンファレンスセンター（札幌市北区）とオンライン配信で開催する。これまでに同事業を活用した商店街の取り組み事例やその後の状況、逆境をチャンスに変えた商店街活動に対する思いなどを紹介する。参加希望者は10月17日までに申し込む。時間は15時30分～17時30分。小樽堺町通り商店街振興組合（小樽市）の坂口武氏、北海道社交飲食生活衛生同業組合釧路地区本部（釧路市）の大野良太氏、南富良野町商工会の樋村裕之氏の3人が登壇し、各商店街の取り組み事例を紹介する。また北海道経産局の担当者が「がんばろう！商店街事業」の制度やその他の商店街施策を説明する。詳しくは北海道経産局のホームページへ。がんばろう！商店街事業セミナーを開催しますシェアツイートLINEで送る中小企業NEWSトップへ戻る
https://j-net21.smrj.go.jp/news/vs6scn0000000zzr.html,イノベーションネットアワード2023募集,日本立地センター,イベント,支援情報,2022-10-14,イベントイノベーションネットアワード2023募集：日本立地センター支援情報2022年10月14日6月14日に開催された前回の表彰式日本立地センターと全国イノベーション推進機関ネットワークは、全国各地の地域産業支援プログラムと支援者を表彰する「第12回地域産業支援プログラム表彰事業（イノベーションネットアワード2023）」（中小機構など後援）の募集を始めた。応募締切は12月26日（プログラムの他薦は11月25日）。書類審査、プレゼンテーション審査などを経て、経済産業大臣賞、文部科学大臣賞、農林水産大臣賞など各賞を決定する。2023年6月に表彰式を行う。地域産業支援プログラムの応募資格は、地域産業の振興・活性化を目的に活動している公的機関（自治体を除く）、大学・高専・高校などの学術・教育機関、金融機関、民間団体など（法人格がなくても可）。推薦制度（他薦）も設けている。優れた取り組みに対して3つの大臣賞のほか、全国イノベーション推進機関ネットワーク会長賞、日本立地センター理事長賞を贈る。一方、地域イノベーション・地方創生・地域産業創出などの活動を主導し、地域の活性化に成果を上げている地域産業支援者（個人）の応募は、候補者の活動について情報を持っている団体（法人格がなくても可）・個人からの推薦のみ。最も優秀な活動を行った支援者に対し、全国イノベーション推進機関ネットワーク堀場雅夫賞を贈呈する。詳しくはイノベーションネットのホームページへ。第12回地域産業支援プログラム表彰事業（イノベーションネットアワード2023）募集開始のご案内シェアツイートLINEで送る中小企業NEWSトップへ戻る
https://j-net21.smrj.go.jp/news/vs6scn00000012q6.html,お試しで「立地」を体験するベンチャー企業を募集,宮崎市,支援,支援情報,2022-10-18,支援お試しで「立地」を体験するベンチャー企業を募集：宮崎市支援情報2022年10月18日宮崎市は、地方進出を検討しているベンチャー企業を対象に、試行的にオフィス機能を設置するための費用の一部を支援する「宮崎市まちなか企業立地チャレンジ事業」の申請企業を募集している。対象となるのは、宮崎市での開発拠点の立地を検討しているベンチャー企業で、従業員（正社員）数が20人以下であること、創業して10年以内であることなどが条件。市街地のコワーキングスペースなどの受け入れ施設の利用料の一部や航空運賃の一部を補助する。補助額は、受け入れ施設利用料の2分の1(月上限1人当たり2万円、3人まで)。期間は施設の利用開始から最大6カ月分。航空運賃も2分の1(1社当たりの上限は14万円)。最大7カ月分。詳しくは、宮崎市のホームページへ。【募集再開！！】宮崎市まちなか企業立地チャレンジ事業についてシェアツイートLINEで送る中小企業NEWSトップへ戻る
https://j-net21.smrj.go.jp/news/vs6scn00000012o2.html,「がんばろう！商店街事業」第2弾の募集スタート,盛岡市,支援,支援情報,2022-10-18,支援「がんばろう！商店街事業」第2弾の募集スタート：盛岡市支援情報2022年10月18日盛岡市は、新型コロナウイルス感染対策を講じてイベントや新たな商材開発、プロモーション制作などに取り組む商店街などを支援する「がんばろう！商店街事業」第2弾の募集を始めた。最大で1155万円の支援金を支給する。募集期間は11月7日まで。支援の対象となるのは、商店街振興組合、事業協同組合、商工会議所、まちづくり会社、任意の商店街組織のほか、まちづくりや商業活性化の担い手として活動実績がある中小企業者や実行委員会組織なども含む。商品開発や設備レンタル、広告印刷といったイベントなどの実施に必要な経費について、1者単独の応募で440万円、2者連携で880万円、3者連携で1155万円を上限に支援金を支給する。応募にあたっては、事業の内容について盛岡市に事前相談するとともに支援計画書の作成依頼をする必要がある。作成依頼については10月31日までに完了する必要がある。詳しくは、盛岡市のホームページへ。【新型コロナウイルス感染症関連】がんばろう！商店街事業の実施についてシェアツイートLINEで送る中小企業NEWSトップへ戻る関連リンク新型コロナウイルス関連ニュース新型コロナウイルスに関連するニュースをまとめています。新型コロナウイルス関連（都道府県別）新型コロナウイルスに関する地域の補助金・助成金・融資の情報をまとめています。
https://j-net21.smrj.go.jp/news/vs6scn00000013ls.html,トラック輸送の省エネ化に補助金,国交省・エネ庁,支援,"生産性向上,支援情報,省エネ",2022-10-19,支援トラック輸送の省エネ化に補助金：国交省・エネ庁生産性向上支援情報省エネ2022年10月19日国土交通省は経済産業省資源エネルギー庁と連携し、トラック事業者と荷主が連携して物流全体の効率化を図り、省エネ化を進める実証を補助する「トラック輸送の省エネ化推進事業」の3次公募を10月28日に始める。トラック事業者が単独で省エネを進めることには限界があるため、荷主と連携して車両動態管理システムや予約受付システムなどの導入・活用に取り組むことを支援する。申請受付期間は11月7日まで。補助対象機器は車両動態管理システム、予約受付システム（受注情報事前確認システム、パレット等管理システム、パレタイズシステムなどを含む）、配車計画システム、およびこれらと連動させるAI・IoTによるシステム連係ツール。補助率は2分の1以内。補助上限は車両動態管理システムが50台、それ以外の機器は最大5000万円となっている。詳しくは国交省のホームページ、特設サイトへ。車両動態管理システム等の導入補助を追加募集します！～令和4年度トラック輸送の省エネ化推進事業の3次公募を開始します～令和4年度AI•IoT等を活用した更なる輸送効率化推進事業費補助金シェアツイートLINEで送る中小企業NEWSトップへ戻る
https://j-net21.smrj.go.jp/news/vs6scn00000013jx.html,省エネでシンポジウム,中部経産局,イベント,"支援情報,SDGs,省エネ",2022-10-19,イベント省エネでシンポジウム：中部経産局支援情報SDGs省エネ2022年10月19日中部経済産業局は、省エネルギーの推進が期待される産業・運輸部門を対象に「省エネルギー推進シンポジウム」を11月1日にTKPガーデンシティPREMIUM名駅西口（名古屋市中村区）とオンライン配信で開催する。「カーボンニュートラル実現に向かう世界求められる企業の対応」をテーマに、東京大学未来ビジョン研究センターの高村ゆかり教授が講演するほか、企業3社が先進的な省エネルギー対策の取り組みを紹介する。10月28日までに申し込む。時間は14時～17時。トヨタ自動車プラント・環境技術部の池谷賢一氏、中部産商（三重県四日市市）の井上幸次社長、西濃運輸の糀矢亮執行役員の3氏が登壇し、省エネルギー対策の最新事例を紹介する。また登壇した4氏が「2050年カーボンニュートラルの実現を見据えた企業の省エネルギー対策とは」をテーマにパネル討論会も行う。さらに中部経済産業局と中部運輸局が省エネ関連の施策も紹介する。詳しくは中部経産局のホームページへ。令和4年度「省エネルギー推進シンポジウム」のご案内シェアツイートLINEで送る中小企業NEWSトップへ戻る
https://j-net21.smrj.go.jp/news/vs6scn00000015zi.html,原油価格・物価高騰に直面する事業者の新たな付加価値創出を支援,秋田市,支援,支援情報,2022-10-21,支援原油価格・物価高騰に直面する事業者の新たな付加価値創出を支援：秋田市支援情報2022年10月21日秋田市は、原油価格・物価高騰に直面する事業者の業態転換や新分野進出、デジタル技術の活用など新たな付加価値を生み出す投資を支援する「原油価格・物価高騰対策業態転換等支援事業」の申請を受け付けている。補助額は最大で100万円。支援が受けられるのは、市内に主要な事業所を持ち、1年以上の事業実績がある中小企業や、市内に施設を所有・賃借し、その施設で1年以上の事業実績がある個人事業者。秋田県の「新事業創出・業態転換等支援事業費補助金（原油価格・物価高騰対策枠）」の交付決定を受けていることが条件となる。補助率は、補助対象となる経費の3分の2で、県の補助金の補助額を控除した額。県から補助金交付の決定を受けた事業の対象経費のほか、改装費などの経費が対象となる。申請期限は11月30日まで。詳しくは、秋田市のホームページへ。秋田市原油価格・物価高騰対策業態転換等支援事業シェアツイートLINEで送る中小企業NEWSトップへ戻る
https://j-net21.smrj.go.jp/news/vs6scn000000176f.html,薩摩川内市のSDGs事例紹介,九州経産局,イベント,"支援情報,SDGs",2022-10-24,イベント薩摩川内市のSDGs事例紹介：九州経産局支援情報SDGs2022年10月24日九州経済産業局は「事例から考える！持続可能な地域づくり勉強会」を11月11日にオンラインで開催する。「持続可能な地域づくりに向けて」をテーマに、今年度「SDGs未来都市」に選定された鹿児島県薩摩川内市が、SDGs（持続可能な開発目標）未来都市や地域事業者との官民連携の取り組みについて紹介する。定員150人。参加希望者は11月4日までに申し込む。薩摩川内市は川内港に隣接する火力発電所跡地を活用した「サーキュラーパーク九州」を拠点に、資源循環産業の提案型誘致に取り組むなど、官民でSDGsを推進している。この取り組みについて、薩摩川内市未来政策部の古川英利部長が詳しく紹介する。また内閣府地方創生推進事務局の木下光一主査が、地方創生SDGsに関する施策を紹介する。時間は13時30分～15時。詳しくは九州経産局のホームページへ。「事例から考える！持続可能な地域づくり勉強会」を開催しますシェアツイートLINEで送る中小企業NEWSトップへ戻る
https://j-net21.smrj.go.jp/news/vs6scn00000016rq.html,研究開発支援制度の合同説明会,東北経産局など9機関,イベント,支援情報,2022-10-24,イベント研究開発支援制度の合同説明会：東北経産局など9機関支援情報2022年10月24日東北経済産業局と関係8機関は「国の研究開発支援制度の合同説明会」を11月8日にオンライン配信で開催する。8月末に公表された2023年度の概算要求の中から、東北地域の事業者の活用が期待される研究開発支援制度を中心に紹介する。また11月9日に仙台合同庁舎B棟2階共用第一会議室（仙台市青葉区）で個別相談会（事前登録制）も開く。関係機関はこのほか、東北総合通信局、日本医療研究開発機構、情報通信研究機構、産業技術総合研究所、新エネルギー・産業技術総合開発機構、科学技術振興機構、製品評価技術基盤機構および中小機構。合同説明会の時間は13時30分～17時。個別相談会の時間は9時30分～17時。参加希望者は10月31日までに申し込む。詳しくは東北経産局のホームページへ。「国の研究開発支援制度の合同説明会＆相談会（令和5年度に向けて）」開催についてシェアツイートLINEで送る中小企業NEWSトップへ戻る
https://j-net21.smrj.go.jp/news/vs6scn00000018eh.html,「経営力再構築伴走支援研修」を追加開催　申し込み受け付け開始:中小機構,,支援,支援情報,2022-10-25,支援「経営力再構築伴走支援研修」を追加開催申し込み受け付け開始:中小機構支援情報2022年10月25日中小機構は25日、中小企業・小規模事業者支援者のスキルアップを目的とした「経営力再構築伴走支援研修」を2023年1～3月に追加開催すると発表した。追加開催分の申し込み受け付けを25日に開始した。中小企業支援機関や金融機関の職員、中小企業診断士、認定経営革新等支援機関などの専門家を対象にした研修で、経営者に寄添い、的確な支援を行うためのスキルを磨くことができる。中小企業庁の「伴走支援の在り方検討会」が、経営者に寄り添った支援に不可欠なスキルとして示した「対話と傾聴」「内発的動機付け」「対話ツールの活用」という3つの要素の修得を目的としている。これまでに500人を超す支援者から申し込みがあり、好評につき追加開催を決めた。研修は、基盤スキル1「対話の基本姿勢と態度」、基盤スキル2「創造的対話技法」、基盤スキル3「対話ツール活用法」の3つのコースがあり、各コースとも2本の研修動画を視聴し、3時間のオンライン実技研修を2日間受講する構成となっている。受講の順番は問わず、1コースのみの受講も可能。受講料は各コース1万6000円(税込み)。詳しくは、中小機構のホームページへ。＜ご好評につき追加開催を決定＞先行き不透明な社会に対応“経営力再構築伴走支援研修”～支援者としての気づき、経営者との築き～専用サイト「経営力再構築伴走支援研修中小企業を支援する方へ」シェアツイートLINEで送る中小企業NEWSトップへ戻る
https://j-net21.smrj.go.jp/news/vs6scn0000001bpo.html,台風15号で被災した中小企業に10万円の支援金,静岡市,支援,支援情報,2022-10-28,支援台風15号で被災した中小企業に10万円の支援金：静岡市支援情報2022年10月28日静岡市は9月23日から24日にかけて市内に被害をもたらした台風15号で被災した市内中小企業に対して支援金を支給する。申請の受け付けを10月26日に開始した。支援金の支給額は1事業者当たり10万円。所有または、使用する建物の罹災証明書の発行を受けた中小企業者・個人事業主などが対象で、9月23日時点で営業の実態があり、復旧後も引き続き営業を継続する意思があることなど一定の条件がある。詳しくは静岡市のホームページへ。台風15号で被災された中小企業等の支援金についてシェアツイートLINEで送る中小企業NEWSトップへ戻る
https://j-net21.smrj.go.jp/news/vs6scn0000001d4c.html,次代を担う繊維企業100選を募集,経産省,イベント,支援情報,2022-10-31,イベント次代を担う繊維企業100選を募集：経産省支援情報2022年10月31日経済産業省は、繊維産業で優れた技術を持つ企業や優れた取り組みをしている企業を広く周知することを目的に「次代を担う繊維産業企業100選」を選定することを決め、2022年度の募集を始めた。（1）サステナビリティ（2）デジタル化（3）技術力やデザイン力による付加価値の創出（4）新規性のある事業・サービスの展開（5）海外展開—の5つの分野で優れた企業を選ぶ。応募締め切りは11月30日で、2022年度中に結果を公表する。日本の繊維産業は、担い手不足や海外生産拠点の増加など、製造現場をめぐる環境は大きく変化しており、新型コロナウイルスの感染拡大に伴い、多くの企業で売り上げが減少している。これを踏まえ、経産省は5月に、産業としての進むべき方向性や今後の政策を「2030年に向けた繊維産業の展望（繊維ビジョン）」として策定。同ビジョンで掲げるサステナビリティや海外展開など5つの分野を推進するため、「次代を担う繊維産業企業100選」として対外発信することにした。詳しくは経産省のホームページへ。次代を担う繊維産業企業100選の募集を開始します！シェアツイートLINEで送る中小企業NEWSトップへ戻る
https://j-net21.smrj.go.jp/news/vs6scn0000001h5k.html,雇調金特例、1月で終了,厚労省,支援,支援情報,2022-11-04,支援雇調金特例、1月で終了：厚労省支援情報2022年11月4日厚生労働省は新型コロナウイルス感染症に伴い支給限度額・助成率を引き上げていた「雇用調整助成金」の特例措置を2023年1月末で終了する。12月と23年1月は経過措置として、従業員1人当たりの日額上限額を現行の1万2000円から9000円に引き下げ、最大10割だった助成率も9割（大企業は3分の2）に縮小する。雇用調整助成金は企業が従業員に支払う休業手当の一部を助成する制度。現在はコロナ禍による特例措置として、売り上げが大きく減少している企業は上限額を1万2000円に、助成率は最大10分の10に引き上げている。2月以降は日額上限8355円、助成率3分の2（大企業は2分の1）というコロナ禍前の水準に戻す。詳しくは厚労省のホームページへ。令和4年12月以降の雇用調整助成金の特例措置等についてシェアツイートLINEで送る中小企業NEWSトップへ戻る関連リンク新型コロナウイルス関連ニュース新型コロナウイルスに関連するニュースをまとめています。新型コロナウイルス関連（都道府県別）新型コロナウイルスに関する地域の補助金・助成金・融資の情報をまとめています。
https://j-net21.smrj.go.jp/news/vs6scn0000001hkg.html,「自社商品のブランディングと商標」 ハンズオン支援申し込み募集,山口県下関市,支援,支援情報,2022-11-07,支援「自社商品のブランディングと商標」ハンズオン支援申し込み募集：山口県下関市支援情報2022年11月7日山口県下関市は、専門家による自社商品のブランディングアドバイスと商標出願までのハンズオン（伴走）支援を受ける市内の中小食品製造業者・生活雑貨製造業者を募集している。申し込み期限は11月21日。ブランディングのアドバイスでは、マーケティングと知的財産の両方の観点から現時点でのブランディングの現状や計画のヒアリングを実施。今後の事業展開を成功させるために検討可能なブランディング戦略を提案し、アドバイスする。また、商標出願に向けては、ブランディングアドバイスを踏まえ、新規または、追加で出願することが推奨される商標について、事業者自身による出願までの手続きを支援する。支援対象は原則として1商標で、費用は無料。特許庁に支払う実費は事業者負担となっている。申し込み後、12月上旬に市内でピッチコンテストによる簡単なプレゼンテーション審査を行い、支援対象事業者を決定する。詳しくは、下関市のホームページへ。「自社商品のブランディングと商標」ハンズオン支援の募集！シェアツイートLINEで送る中小企業NEWSトップへ戻る
https://j-net21.smrj.go.jp/news/vs6scn0000001iqu.html,結婚を希望する若者を応援する企業・団体を募集,滋賀県,支援,支援情報,2022-11-08,支援結婚を希望する若者を応援する企業・団体を募集：滋賀県支援情報2022年11月8日滋賀県は、社会全体で結婚を希望する若者を応援する「あいはぐプロジェクト応援団」に登録する企業・団体を募集している。登録料は不要。応援団に登録した企業・団体の取り組みはホームページなどで紹介される。登録対象となるのは（1）出会いイベントの開催など出会いの場の提供（2）婚活イベント場所の提供や飲食の割引をはじめとしたサービスの提供（3）自社媒体でイベント情報を紹介するなど広報・PR—といった応援を実施できる企業・団体。ただし、提供するサービスは、主として県内の独身者を対象とし、原則として県内で提供されるもので、金品の寄付や援助、事業参加などを強要するおそれがないものとしている。すでに登録している企業・団体には、結婚相談所などブライダル関係が多いが、デートやお見合いパーティー会場の提供で協力できるとして飲食店も含まれている。詳しくは滋賀県のホームページへ。結婚を希望する若者を応援するあいはぐプロジェクト応援団登録企業・団体等を募集します！シェアツイートLINEで送る中小企業NEWSトップへ戻る
https://j-net21.smrj.go.jp/news/vs6scn0000001m74.html,連携自治体の食材を使用した飲食店を補助,東京都港区,支援,支援情報,2022-11-11,支援連携自治体の食材を使用した飲食店を補助：東京都港区支援情報2022年11月11日東京都港区は、区と連携する自治体の食材を購入し、食材を活用した料理を販売するとともに連携自治体の魅力を発信する飲食店を対象に食材購入費などを補助する事業を始めた。補助額は最大で10万円。募集期間は来年1月31日まで。補助の申請ができるのは、区商店街連合会加盟の飲食店。補助の条件として、(1)区が連携する自治体の食材を仕入れているか、新たに仕入れる(2)連携する自治体のポスターやパンフレットなどを活用し、その魅力を発信する(3)料理に使用する食材を来店者が直接購入できるよう、店内販売やアンテナショップを案内、ECサイトのチラシを配布する—ことなどを求めている。2023年2月17日までの期間のうちで、2週間以上実施することが求められている。補助率は、食材購入費や自治体の広報を実施する費用の3分の2。60件の認定を予定している。詳しくは、港区のホームページへ。【先着順】港区飲食店応援事業の補助金申請を募集中！シェアツイートLINEで送る中小企業NEWSトップへ戻る
https://j-net21.smrj.go.jp/news/vs6scn0000001m34.html,商店街の空き店舗に出店する事業者に奨励金,松山市,支援,支援情報,2022-11-11,支援商店街の空き店舗に出店する事業者に奨励金：松山市支援情報2022年11月11日松山市は、10月1日以降に市内の商店街などの空き店舗を新たに賃借して出店し、商店街組合などに加入した事業者に対して最大50万円の奨励金を支給する。申請の受け付け期間は来年3月31日まで。新型コロナウイルスの影響などで増加した商店街の空き店舗への出店を促し、商店街の活性化を図る。給付対象となる事業は、小売業や飲食サービス業、生活関連サービス業など。事務所や倉庫として使用する事業などは対象外となる。給付額は、1カ月分の月額賃借料の2分の1以内。敷金・礼金・仲介手数料・保険料・共益費・駐車場料金・消費税・改装費などは給付対象経費に含まない。詳しくは、松山市のホームページへ。松山市商店街出店奨励金（松山市商店街空き店舗対策緊急支援事業奨励金）シェアツイートLINEで送る中小企業NEWSトップへ戻る関連リンク新型コロナウイルス関連ニュース新型コロナウイルスに関連するニュースをまとめています。新型コロナウイルス関連（都道府県別）新型コロナウイルスに関する地域の補助金・助成金・融資の情報をまとめています。
https://j-net21.smrj.go.jp/news/vs6scn0000001ntg.html,資金繰り・賃上げ・インボイス支援,中企庁が補正予算,支援,支援情報,2022-11-14,"支援資金繰り・賃上げ・インボイス支援：中企庁が補正予算支援情報2022年11月14日中小企業庁は2022年度補正予算で計上した中小企業・小規模事業者支援策のポイントを公表した。総額は1兆1190億円。まず資金繰り支援策として、民間ゼロゼロ融資（実質無利子・無担保融資）からの借換需要に対応して、100％保証は100％保証で借り換えできる保証制度を創設する。また創業時に課題となる経営者保証を不要とする信用保証制度を創設する。物価高に伴う賃上げ支援として、「事業再構築補助金」のグリーン成長枠・成長枠で補助事業期間内に事業場内最低賃金を年45円引き上げた場合、補助率を2分の1から3分の2に引き上げるほか、事業終了後3～5年で同水準を達成すれば補助上限額を3000万円上乗せする。「ものづくり補助金」も同様の大幅な賃上げを達成すれば、補助上限額を1000万円引き上げる。「事業承継・引継ぎ補助金」の経営革新事業も、事業終了時に事業場内最低賃金が地域別最低賃金より30円以上上回っていれば、補助上限額を600万円から800万円に引き上げる。一方、2023年に導入されるインボイス対応として、「小規模事業者持続化補助金」のインボイス枠を拡充し、課税事業者に転換する事業者の補助上限額（通常50万～200万円）を50万円上乗せする。インボイス対応に必要なITツール導入促進のため、「IT導入補助金」もクラウド利用料（2年分）やハード（パソコンなど）購入の補助対象化、補助率引き上げ（2分の1→3分の2～4分の3）を継続する。またインボイスや物価高対応として、商工会・商工会議所の相談対応強化や指導員向け講習、よろず支援拠点コーディネーター増員などの体制強化を進める。さらに円安対応として、海外展開を目指す中小企業1万社支援に向けて、日本貿易振興機構（ジェトロ）の事業とも連携しながら、中小機構が戦略立案・具体化を伴走支援する。詳しくは中企庁のホームページへ。令和4年度補正予算案(中小企業・小規模事業者等関連)【1兆1,190億円】シェアツイートLINEで送る中小企業NEWSトップへ戻る"
https://j-net21.smrj.go.jp/news/vs6scn0000001pto.html,第3弾は大航海時代,中小機構がPRサイト刷新,支援,支援情報,2022-11-16,支援第3弾は大航海時代：中小機構がPRサイト刷新支援情報2022年11月16日中小機構は16日、PRサイト「中小機構に聞こう！」をリニューアルした。昨年、一昨年と好評を得た「幕末志士編」「戦国武将編」に続き、今回の舞台は「大航海時代編」。コロンブス、コペルニクス、ガリレオ・ガリレイ、レオナルド・ダ・ヴィンチ、マゼラン、シェイクスピアら大航海時代の偉人・先駆者たち16人を経営者に見立て、彼らの視点・考え方を通じて、経営課題解決のヒントと、中小機構が提供する様々な支援施策を知ることができる。オリジナルコンテンツとして、航海を経営プロセスと結び付け、ステージごとに抱える悩みへの解決のヒントを提供する「経営者ジャーニーマップ」と、自分の偉人タイプと経営の傾向が分かる「偉人タイプ診断」などを展開。「幕末志士編」「戦国武将編」に続き、今回も個性豊かな16人の偉人たちが登場し、それぞれの特性に合わせてリアルな世界観を演出しており、楽しみながら分かりやすく紹介している。詳しくは中小機構の特設サイトへ。中小機構に聞こう！大航海時代編シェアツイートLINEで送る中小企業NEWSトップへ戻る
https://j-net21.smrj.go.jp/news/vs6scn0000001pb2.html,次世代交通サービスでシンポ,中国経産局・中国運輸局など,イベント,支援情報,2022-11-16,イベント次世代交通サービスでシンポ：中国経産局・中国運輸局など支援情報2022年11月16日中国経済産業局は中国総合通信局、中国地方整備局、中国運輸局と連携して、「スマートモビリティチャレンジ地域シンポジウム」を11月22日に桜花の郷ラ・フォーレ庄原（広島県庄原市）で開催する。テーマは「MaaSで切り拓く中国地域の未来」。MaaS（次世代交通サービス）を活用した地域活性化の最新動向や先行事例などを紹介する。時間は13時～16時。オンラインでも同時配信する。国際経済研究所の宮代陽之非常勤フェローが「MaaSの潮流－国内外の動向とMaaSデータ活用最前線」、呉工業高等専門学校の神田佑亮教授が「モビリティと地域活性化」をテーマに講演する。続いて「MaaSで何を実現したいのか？これからのMaaSとは？」をテーマに、RYDEの杉﨑正哉代表取締役、NTTコミュニケーションズの田代丈晴SmartMobility推進室部長、JR西日本の内藤真也地域プロデューサーらがパネル討論する。自治体関係者向けに限定したワークショップも予定。詳しくは中国経産局のホームページへ。「スマートモビリティチャレンジ地域シンポジウム＆ワークショップin中国地域」の開催についてシェアツイートLINEで送る中小企業NEWSトップへ戻る
https://j-net21.smrj.go.jp/news/bg5m450000000aen.html,中小・小規模事業者の省エネ機器導入を補助、最大15万円,岡山市,支援,支援情報,2022-11-22,支援中小・小規模事業者の省エネ機器導入を補助、最大15万円：岡山市支援情報2022年11月22日岡山市は、市内の中小・小規模事業者の将来的なコスト低減を集中的に支援するため、工場・店舗・事務所などへ設置する事業用省エネ機器の購入・設置経費の一部を助成する。申請期間は12月23日まで。申請できるのは、1～8月までの任意の1カ月に市内の事業所で使用した電気代（または、ガス代）の支払い額（税込み）が3万円以上の事業者。LED照明や空調機器、冷凍・冷蔵庫といった省エネ機器・設備を対象にしており、10月3日から12月23日までに購入・設置・支払いが完了できることが条件なっている。補助額は法人が15万円、個人事業主が10万円。申請は1事業者1回限り。詳しくは、岡山市のホームページへ。省エネ機器導入補助金（商工業者向け）のご案内シェアツイートLINEで送る中小企業NEWSトップへ戻る
https://j-net21.smrj.go.jp/news/bg5m450000000b0y.html,SDGs経営の支援手法を伝授,中小機構近畿,イベント,"支援情報,SDGs",2022-11-24,イベントSDGs経営の支援手法を伝授：中小機構近畿支援情報SDGs2022年11月24日中小機構近畿本部は24日、商工会議所や商工会、中小企業団体中央会など中小企業支援機関の担当者向けに、SDGs（持続可能な開発目標）の視点を取り入れた経営支援の手法が学べる研修会を初めて開催すると発表した。日程は12月20日～22日の9時30分～17時30分。大阪市中央区の中小企業大学校御堂筋キャンパスでリアル開催する。研修テーマは「SDGsを活用した経営支援の進め方」。カードゲームなどを通してSDGsの基本知識や本質を学び、地域での課題を知った上でSDGsに取り組むべき意義を検討する。また実際の企業をケース教材としてSDGs視点で経営課題を整理し、SDGs宣言を作成する。さらにSDGsを活用した新事業展開や販路開拓支援などの進め方についても学ぶ。参加費は2万3000円（税込み）。詳しくは中小機構近畿のニュースリリースへ。中小企業支援担当者向けに初開催！SDGsの視点を取り入れた経営支援の手法が学べる研修会を実施～研修テーマ「SDGsを活用した経営支援の進め方」～シェアツイートLINEで送る中小企業NEWSトップへ戻る
https://j-net21.smrj.go.jp/news/bg5m450000000caw.html,子育てにやさしい職場環境づくりに取り組む模範的企業を募集,徳島県,支援,支援情報,2022-11-25,支援子育てにやさしい職場環境づくりに取り組む模範的企業を募集：徳島県支援情報2022年11月25日徳島県は、「令和4年度はぐくみ支援企業表彰企業」を募集している。「子育てにやさしい職場環境づくり」に積極的に取り組んでいるとして県から「はぐくみ支援企業」と認証されている企業の中でも、他の模範となる優れた取り組みを実施している企業を表彰するもの。今年度からは「テレワークdeはぐくみ支援表彰」を新設した。締め切りは来年1月20日。表彰基準は、はぐくみ支援企業として認証を受けており、（1）男性の育児休業取得者がいる（2）子の看護休暇を取得した男性がいる（3）妊娠中や産前、産後休業、育児休業中の女性労働者やその家族のために、必要な情報提供や相談体制を講じている（4）育児・介護休業法を上回る制度を1項目以上講じている（5）地域における子育て支援等を行っている（6）その他一般事業主行動計画に定めた目標の達成に向けて積極的に取り組んでおり、仕事と家庭の両立を支援するための取組内容（女性管理職登用など）が他の模範となる—のうち2項目以上の要件を満たしていること。また、新設のテレワークdeはぐくみ支援の表彰基準は、はぐくみ支援企業として認証を受けており、（1）「テレワークを活用した職場環境づくり」について一般事業主行動計画に定め、その内容が仕事と家庭の両立を支援するための取組として実績があり、他の模範となる（2）男性の育児休業取得者がいる（3）子の看護休暇を取得した男性がいる—などの要件のうち少なくとも1項目を満たしていること。詳しくは徳島県のホームページへ。令和4年度はぐくみ支援企業表彰企業の募集についてシェアツイートLINEで送る中小企業NEWSトップへ戻る
https://j-net21.smrj.go.jp/news/bg5m450000000d98.html,観光需要回復に向けて旅行商品造成費用を補助,東京都葛飾区,支援,支援情報,2022-11-28,支援観光需要回復に向けて旅行商品造成費用を補助：東京都葛飾区支援情報2022年11月28日東京都葛飾区は、旅行代理店などを対象に区内を回遊する旅行商品の造成費用を助成する「旅行商品造成事業補助金」の申請を受け付けている。補助額は1商品最大40万円。申請期間は12月16日まで。新型コロナウイルスの影響を受けて落ち込んだ観光需要の回復に向けて、区内への観光誘客・回遊促進を図り、区内の観光業・飲食業者を支援する。区ならではの文化観光資源を活用して、区内の観光スポットを2カ所以上旅程に組み込むこと、区内の飲食事業者の食事付きであること、参加人数が10人以上で販売価格が5000円以上(税込み)などの要件を満たす必要がある。詳しくは、葛飾区のホームページへ。葛飾区旅行商品造成事業補助金のご案内シェアツイートLINEで送る中小企業NEWSトップへ戻る関連リンク新型コロナウイルス関連ニュース新型コロナウイルスに関連するニュースをまとめています。新型コロナウイルス関連（都道府県別）新型コロナウイルスに関する地域の補助金・助成金・融資の情報をまとめています。
https://j-net21.smrj.go.jp/news/bg5m450000000d5g.html,旅館・ホテル・冠婚葬祭事業者の利用者還元サービスを補助,秋田市,支援,支援情報,2022-11-28,支援旅館・ホテル・冠婚葬祭事業者の利用者還元サービスを補助：秋田市支援情報2022年11月28日秋田市は、市内の旅館やホテル、冠婚葬祭事業者が実施する利用者還元サービスの費用の一部を補助する「会食・宿泊施設等利用者還元支援事業」の申請を受け付けている。申し込みの期限は12月23日。補助の対象となるのは、団体での会食や宿泊の利用者に対して、事業者が実施する割引や追加商品を贈呈するサービス。金券類や航空券、鉄道乗車券、回数券などの換金性の高いものを利用前・利用後に贈呈するサービスは除外する。補助率は対象経費の100%以内。実施する利用者還元サービスの還元率は、通常販売価格(消費税を除く)の30%を上限としている。また、国や県が実施する同種の事業に対して上乗せして割引はできない。利用者還元サービス例としては、1人6000円(消費税抜き)の会食を20人で行う場合、通常販売価格12万円を3割引の8万4000円で販売した場合、差額3万6000円が還元金額相当分として補助の対象となる。詳しくは、秋田市のホームページへ。会食・宿泊施設等利用者還元支援事業シェアツイートLINEで送る中小企業NEWSトップへ戻る
https://j-net21.smrj.go.jp/news/bg5m450000000esl.html,年明け以降も旅行支援継続,観光庁,支援,支援情報,2022-11-29,支援年明け以降も旅行支援継続：観光庁支援情報2022年11月29日観光庁は旅行代金を割り引く「全国旅行支援」について、割引率を現行の40％から20％に引き下げた上で、年明け以降も実施する。割引上限額も交通付旅行商品（鉄道、バス、タクシー・ハイヤー、航空、フェリーなど）は1人1泊8000円を5000円に、それ以外（日帰り旅行を含む）は5000円を3000円に引き下げて実施する。制度の開始時期については、今後の感染状況の動向を踏まえつつ、別途発表する。地域で使えるクーポン券は平日2000円、休日1000円が支給される。これまでの全国旅行支援の制度を基本としつつ、旅行需要の急激な変動の緩和を図る観点から、割引率などの制度を見直すことにした。なお、12月下旬までとしていた現在実施中の全国旅行支援の対象期間は、12月27日宿泊分（12月28日チェックアウト分）まで実施する。詳しくは観光庁のホームページへ。年明け以降の観光需要喚起策の実施についてシェアツイートLINEで送る中小企業NEWSトップへ戻る
https://j-net21.smrj.go.jp/news/bg5m450000000eqq.html,電気・ガス高騰で補助金,経産省,支援,支援情報,2022-11-29,支援電気・ガス高騰で補助金：経産省支援情報2022年11月29日経済産業省資源エネルギー庁は、電気料金や都市ガス料金の負担緩和策「電気・ガス価格激変緩和対策事業」の対象小売事業者の公募を始めた。世界情勢を背景としたエネルギー価格の高騰による電気・都市ガス料金の上昇に対し、各小売事業者に値引きの原資として補助金を交付し、急激な料金の上昇によって影響を受ける家庭・企業を支援するのが目的。事業者の申請期間は12月12日まで。電気代は低圧契約の家庭・企業などは1キロワット時当たり7円、高圧契約の企業などは同3.5円を支援する。また都市ガス代は1000万立方メートル未満の家庭や企業などは1立法メートル当たり30円を支援する。電気料金は来年春以降さらに上昇する可能性があり、都市ガスも今後料金の上昇が見込まれる。このため各小売事業者を通じて、電気・都市ガスの使用量に応じた料金の値引きを行い、影響を受ける家庭・企業を支援する。詳しくはエネ庁の特設サイトへ。電気・ガス価格激変緩和対策事業シェアツイートLINEで送る中小企業NEWSトップへ戻る
https://j-net21.smrj.go.jp/news/bg5m450000000eov.html,1600団体に下請取引適正化を要請,経産省,支援,支援情報,2022-11-29,支援1600団体に下請取引適正化を要請：経産省支援情報2022年11月29日経済産業省は約1600の関係事業者団体に対し、経済産業大臣及び公正取引委員会委員長の連名による文書で、下請取引の適正化について要請した。下請事業者の資金繰りに支障を来すことがないよう、下請取引の適正化を推進するため、各関係事業者団体に対し、下請代金支払の適正化、適正な価格転嫁の実現に向けた取り組みを要請した。昨今のウクライナ情勢や円安の影響により、エネルギー価格や原材料費が昨年にも増して高騰している。この状況が長期化する中、総じて外的要因の影響を受けやすい立場にある中小企業・小規模事業者には大きな影響が出ている。さらに、これから年末にかけて資金需要が高まる中、下請事業者の資金繰り等が一層厳しさを増すことが懸念されている。詳しくは経産局のホームページへ。下請取引の適正化について、関係事業者団体に要請しましたシェアツイートLINEで送る中小企業NEWSトップへ戻る
https://j-net21.smrj.go.jp/news/bg5m450000000i79.html,第56回「グッドカンパニー大賞」表彰企業が決定,中小企業研究センター,支援,支援情報,2022-12-02,支援第56回「グッドカンパニー大賞」表彰企業が決定：中小企業研究センター支援情報2022年12月2日中小企業研究センターは「第56回（2022年度）グッドカンパニー大賞｣の表彰企業16社を決定した。最優秀にあたるグランプリには、電子部品・半導体などのめっき加工を手掛ける清川メッキ工業株式会社（福井市）と、小型建設機械の企画設計・製造を手掛ける三笠産業株式会社（東京都千代田区）の2社が選ばれた。優秀企業賞8社、特別賞4社、イノベーション事業化推進賞2社とともに、2023年2月1日、東京都千代田区の経団連会館で表彰式を行う。「グッドカンパニー大賞」は経営の刷新、技術開発にすぐれた成果をあげている中小企業を発掘・顕彰することを通じて、わが国中小企業の振興を図ることを目的に1967年に創設された。これまでの表彰企業は、のべ743社にのぼり、多くの企業が有力企業に発展している。詳しくは中小企業研究センターのホームページへ。第56回（2022年度）グッドカンパニー大賞表彰企業発表シェアツイートLINEで送る中小企業NEWSトップへ戻る
https://j-net21.smrj.go.jp/news/bg5m450000000kjk.html,婚礼関連産業を支援、結婚式など実施した市民に最大20万円,那覇市,支援,支援情報,2022-12-06,支援婚礼関連産業を支援、結婚式など実施した市民に最大20万円：那覇市支援情報2022年12月6日那覇市は市内のホテルや式場、飲食店などで結婚式や披露宴、銀婚式などの実施した市民に対し、最大20万円を補助する「なはウェディング事業支援補助金」の申請を受け付けている。新型コロナウイルスの感染拡大で結婚式などを中止したカップルが式を開催するきっかけをつくり、裾野が広いウェディング関連産業全体の活性化を図る。支援するのは、11月1日から来年2月28日までにホテルや結婚式場、飲食店など市内の会場で、結納や結婚式、披露宴、銀婚式、金婚式などを実施したカップル。申請時点でカップルのどちらか一方が市内に住民登録があれば支援の対象となる。補助率は、結婚式などにかかる費用の2分の1で、披露宴開催などの場合、上限は20万円、フォトウェディングのみの場合、上限は5万円。ウェディング産業はプランナー、飲食、花卉、ファッション、美容関連など幅広い産業に波及効果があることから支援を実施するとともに、式を行うカップルの披露宴費用や新生活の一助にしてもらう。受付期間は2023年2月28日。詳しくは、那覇市のホームページへ。なはウェディング支援事業補助金申請受付開始について（Q＆Aを掲載しました。）シェアツイートLINEで送る中小企業NEWSトップへ戻る関連リンク新型コロナウイルス関連ニュース新型コロナウイルスに関連するニュースをまとめています。新型コロナウイルス関連（都道府県別）新型コロナウイルスに関する地域の補助金・助成金・融資の情報をまとめています。
https://j-net21.smrj.go.jp/news/bg5m450000000kdv.html,燃料価格高騰で運転代行事業者に支援金,静岡県沼津市,支援,支援情報,2022-12-06,支援燃料価格高騰で運転代行事業者に支援金：静岡県沼津市支援情報2022年12月6日静岡県沼津市は、新型コロナウィルスや燃料価格高騰の影響を受けている自動車運転代行事業者に支援金を交付している。申請期限は12月26日。交付の対象となるのは、2022年11月1日以前から市内に営業所を持つ自動車運転代行事業者。支援金額は随伴用の車両1台につき3万円で、事業者1社あたりの上限は30万円。交付は1回限りとなっている。詳しくは、沼津市のホームページへ。沼津市自動車運転代行事業者支援金についてシェアツイートLINEで送る中小企業NEWSトップへ戻る関連リンク新型コロナウイルス関連ニュース新型コロナウイルスに関連するニュースをまとめています。新型コロナウイルス関連（都道府県別）新型コロナウイルスに関する地域の補助金・助成金・融資の情報をまとめています。
https://j-net21.smrj.go.jp/news/bg5m450000000sdm.html,商店街などの販促活動支援、追加募集を開始,青森県弘前市,支援,支援情報,2022-12-09,支援商店街などの販促活動支援、追加募集を開始：青森県弘前市支援情報2022年12月9日青森県弘前市は、商店街振興組合などの団体が実施する販売促進事業を補助する「団体等販売促進活動支援事業費補助金」を追加募集している。これまで1回限りとしていた補助事業の実施回数を2回に変更した。販促事業にかかる経費の100%、最大500万円を補助する。申請できるのは、商店街振興組合のほか、事業協同組合、生活衛生同業組合、商工会議所などの団体や連合会。割引クーポン券の発行や商品の値引き販売、スタンプラリー、大抽選会などの販促活動が補助の対象となる。消費喚起を目的とした補助であるため、1日限りの事業や参加者が限定される事業は対象とならない。詳しくは弘前市のホームページへ。【追加募集を開始しました】(令和4年10月3日受付開始)令和4年度弘前市団体等販売促進活動支援事業費補助金（追加分）についてシェアツイートLINEで送る中小企業NEWSトップへ戻る
